spawn_id,created_at,secs,status,agent_type,depth,prompt_len,fr_len,refused
2,1789367767,23,0,0,1,1243,2516,0
3,1789367767,15,0,0,1,1158,1983,0
1,1789367767,12,0,0,1,1129,1756,0
4,1789368226,190,0,0,1,1960,3184,0
5,1789368233,102,0,0,1,1426,2152,0
6,1789369770,47,0,1,1,1228,-1,0
7,1789370272,1,0,0,1,1221,384,1
8,1789370536,106,0,0,1,3902,2493,0
9,1789371351,58,0,1,1,1115,-1,0
10,1789371413,8,0,1,1,871,-1,0
11,1789371782,22,0,0,1,901,3078,0
12,1789371782,45,0,0,1,831,4324,0
13,1789373436,98,0,0,1,4117,2767,0
14,1789374195,182,0,0,1,3140,3029,0
15,1789376178,73,0,0,1,2111,9135,0
16,1789376555,3242,0,0,1,257,8529,0
17,1789376569,427,0,0,2,257,1044,0
18,1789376619,519,0,0,1,257,3395,0
19,1789376920,274,0,0,1,1564,2807,0
20,1789377041,1906,0,0,2,253,4675,0
21,1789377185,313,0,0,1,257,4424,0
22,1789377186,80,0,0,1,257,3804,0
23,1789377275,406,0,0,1,257,5902,0
27,1789378505,266,0,0,1,1578,6266,0
26,1789378505,173,0,0,1,1399,7278,0
28,1789378505,55,0,0,1,1498,2727,0
24,1789378505,59,0,0,1,1419,4545,0
25,1789378505,62,0,0,1,1412,4872,0
29,1789378546,1113,0,0,1,2115,1919,0
32,1789378564,220,0,0,2,2427,1080,0
30,1789378564,12,0,0,2,2039,164,0
33,1789378564,1090,0,0,2,2285,949,0
31,1789378564,139,0,0,2,2644,276,0
34,1789378611,725,1,0,1,257,94,0
35,1789378611,260,0,0,1,257,1242,0
37,1789378654,280,0,0,1,257,1954,0
39,1789378654,21,0,0,1,1548,3078,0
38,1789378654,46,0,0,1,1842,1922,0
40,1789378654,683,1,0,1,207,94,0
36,1789378654,124,0,0,1,1276,1451,0
41,1789378702,635,1,0,1,207,94,0
42,1789378762,1732,0,0,1,257,949,0
43,1789378841,496,1,0,1,207,94,0
44,1789378841,496,1,0,2,2226,94,0
46,1789378922,42,0,0,2,1851,2721,0
45,1789378922,34,0,0,2,2096,2011,0
47,1789378936,402,1,0,1,207,94,0
48,1789378949,389,1,0,1,257,94,0
49,1789378975,363,1,0,1,257,94,0
50,1789378975,6971,0,0,1,243,2252,0
51,1789379011,664,0,0,1,255,3065,0
52,1789379110,228,1,0,1,1361,94,0
53,1789379142,196,1,0,1,1133,94,0
54,1789379144,195,1,0,1,2122,94,0
55,1789379145,194,1,0,1,1921,94,0
56,1789379345,327,0,0,1,2008,3815,0
57,1789379349,343,0,0,1,2027,2432,0
58,1789379351,695,0,0,1,2209,3147,0
59,1789379359,1194,0,0,1,257,2952,0
62,1789379401,17,0,0,1,1118,155,0
66,1789379401,462,0,0,1,1057,2744,0
64,1789379401,1025,0,0,1,257,2497,0
63,1789379401,2131,0,0,1,255,164,0
61,1789379401,3360,0,0,1,255,1068,0
60,1789379401,4557,0,0,1,259,3791,0
65,1789379401,1964,0,0,1,255,3164,0
67,1789379439,71,0,0,2,1583,1396,0
68,1789379558,425,0,0,2,3009,12093,0
69,1789379668,5531,0,0,2,221,2824,0
70,1789379790,544,0,0,1,3323,3469,0
71,1789379961,34,0,0,2,1887,2413,0
72,1789379994,47,0,0,2,3157,3115,0
73,1789379994,358,0,0,2,3903,3803,0
74,1789380436,3536,0,0,1,257,586,0
75,1789380679,3237,0,0,1,257,2956,0
76,1789380849,183,0,0,1,1631,4134,0
77,1789381006,160,0,0,2,3441,3136,0
78,1789381020,257,0,0,1,257,7184,0
79,1789381044,1353,0,0,1,257,3510,0
80,1789381070,502,0,0,1,257,9003,0
81,1789381351,1410,0,0,1,255,1321,0
82,1789381502,340,0,0,1,1624,3678,0
83,1789381668,2122,0,0,1,255,4117,0
85,1789382097,664,0,0,1,255,6033,0
84,1789382097,850,0,0,1,259,373,0
86,1789382370,1154,0,0,2,233,99,0
87,1789382413,17,0,0,2,4351,128,0
88,1789382434,315,0,0,2,257,1073,0
89,1789382459,139,0,2,1,1824,155,0
90,1789382610,158,0,0,1,255,5379,0
91,1789382610,1305,0,0,1,257,3904,0
92,1789382786,1238,0,0,1,257,592,0
93,1789383386,108,0,0,1,259,9048,0
94,1789383556,91,0,0,1,2506,8820,0
95,1789383711,415,0,0,1,1708,9288,0
96,1789383711,2691,0,0,1,233,3079,0
99,1789383823,355,0,0,2,3344,3531,0
98,1789383823,387,0,0,2,2639,4281,0
103,1789383823,160,0,0,2,2895,3208,0
101,1789383823,321,0,0,2,2619,3146,0
97,1789383823,498,0,0,2,2749,3945,0
102,1789383823,212,0,0,2,2874,3748,0
100,1789383823,373,0,0,2,2692,3214,0
104,1789384029,353,0,0,1,249,2883,0
105,1789384046,225,0,0,1,1794,3790,0
106,1789384074,555,0,0,1,190,3124,0
112,1789384328,55,0,0,2,3025,3110,0
110,1789384328,138,0,0,2,2912,2588,0
111,1789384328,148,0,0,2,2547,2819,0
108,1789384328,81,0,0,2,2664,7125,0
109,1789384328,152,0,0,2,3363,3751,0
107,1789384328,809,0,0,2,2646,158,0
113,1789384414,381,0,0,1,256,2703,0
114,1789384450,654,0,0,1,1798,4747,0
115,1789384799,909,0,0,1,1671,3296,0
116,1789385111,98,0,0,1,499,1063,0
117,1789407812,1791,0,0,1,6589,2648,0
129,1789407868,133,0,0,1,1950,1677,0
124,1789407868,368,0,0,1,2351,1869,0
128,1789407868,161,0,0,1,1954,2043,0
123,1789407868,284,0,0,1,1994,3341,0
134,1789407868,155,0,0,1,2204,1913,0
119,1789407868,141,0,0,1,2170,2014,0
120,1789407868,155,0,0,1,2052,2686,0
121,1789407868,182,0,0,1,1994,2347,0
118,1789407868,119,0,0,1,1944,1861,0
122,1789407868,195,0,0,1,2008,2687,0
132,1789407868,85,0,0,1,2088,1591,0
127,1789407868,190,0,0,1,2125,2923,0
130,1789407868,156,0,0,1,1920,1533,0
131,1789407868,97,0,0,1,1932,1214,0
135,1789407868,135,0,0,1,1848,1542,0
126,1789407868,118,0,0,1,1920,2312,0
133,1789407868,133,0,0,1,1938,2086,0
125,1789407868,292,0,0,1,1914,2415,0
136,1789407903,174,0,0,1,2209,1844,0
137,1789407907,6946,0,0,1,176,1414,0
138,1789407908,423,0,0,1,2048,1813,0
140,1789408050,249,0,0,1,2308,2240,0
139,1789408050,195,0,0,1,1119,1309,0
142,1789408051,342,0,0,1,1844,2097,0
143,1789408051,237,0,0,1,1283,1836,0
141,1789408051,372,0,0,1,1806,1865,0
144,1789408051,168,0,0,1,1690,1658,0
145,1789408071,432,0,0,1,1768,2091,0
146,1789408080,519,0,0,1,2035,2423,0
147,1789408084,353,0,0,1,1795,1738,0
148,1789408094,156,0,0,1,893,992,0
149,1789408102,245,0,0,1,1648,1668,0
150,1789408111,726,0,0,1,257,2410,0
151,1789408120,1105,0,0,1,3296,2702,0
152,1789408133,1084,0,0,1,2167,3346,0
153,1789408139,510,0,0,1,1969,3209,0
154,1789408144,255,0,0,1,1871,2275,0
155,1789408154,1886,0,0,1,2820,972,0
156,1789408164,730,0,0,1,2739,2937,0
157,1789408249,2372,0,0,2,3250,514,0
158,1789408249,45,0,0,2,1504,3912,0
159,1789408253,382,0,0,1,1887,2587,0
160,1789408333,120,0,0,1,1534,2117,0
161,1789409050,2796,0,0,1,2533,3027,0
162,1789409228,375,0,0,1,1675,2404,0
163,1789409317,156,0,0,2,2853,192,0
164,1789409357,1805,0,0,1,1745,2657,0
165,1789409483,98,0,0,2,3145,234,0
166,1789409487,97,0,0,1,257,365,0
167,1789409487,71,0,0,1,2302,275,0
168,1789409487,232,0,0,1,1516,118,0
169,1789409563,10940,0,0,1,257,2551,0
170,1789409587,5804,0,0,1,112,144,0
171,1789409723,134,0,0,1,2160,155,0
172,1789409861,100,0,0,1,257,98,0
173,1789410095,2175,0,0,1,4746,3005,0
174,1789410131,3716,0,0,1,257,97,0
175,1789410273,1722,0,0,1,259,4177,0
176,1789410283,1357,0,0,2,257,122,0
177,1789410309,1022,0,0,1,3288,2726,0
178,1789410895,2336,0,0,1,160,2958,0
179,1789411150,464,0,0,1,2039,75,0
180,1789411496,3135,0,0,1,255,2602,0
181,1789411659,2919,0,0,1,2282,2888,0
182,1789412074,376,0,0,1,1384,2231,0
183,1789412463,246,0,0,1,2303,4711,0
184,1789412560,487,0,0,1,203,1765,0
185,1789412725,1215,0,0,1,2421,166,0
186,1789412769,567,0,0,1,2751,2458,0
187,1789412814,225,0,0,1,146,650,0
188,1789412816,5376,0,0,1,98,1302,0
189,1789412990,1353,0,0,1,257,2218,0
190,1789413073,2185,0,0,1,257,2921,0
191,1789413135,925,0,0,1,259,8856,0
192,1789413294,805,0,0,1,1843,3449,0
193,1789413385,2889,0,0,1,1340,2522,0
194,1789413921,165,0,0,1,1346,3210,0
195,1789414263,723,0,0,1,2385,157,0
196,1789414263,1874,0,0,1,257,3863,0
197,1789414352,4207,0,0,1,257,3438,0
198,1789414369,776,0,0,1,1576,2988,0
199,1789414561,176,0,0,1,3159,140,0
200,1789414642,795,0,0,1,2696,233,0
201,1789414763,648,0,0,1,112,1413,0
202,1789414845,109,0,0,1,4222,302,0
203,1789414849,2303,0,0,1,255,2785,0
204,1789414938,181,0,0,1,2923,2403,0
205,1789415049,439,0,0,1,2316,2779,0
206,1789415050,4392,0,0,1,257,3598,0
207,1789415554,753,0,0,1,2277,2397,0
208,1789415748,246,0,0,1,1500,3214,0
209,1789415814,765,0,0,1,259,3449,0
211,1789415826,97,0,0,1,1207,386,0
210,1789415826,118,0,0,1,1459,5350,0
212,1789416177,1710,0,0,1,3298,3479,0
213,1789416229,802,0,0,1,3542,193,0
214,1789416238,859,0,0,1,2150,2387,0
215,1789416915,237,0,0,1,2344,2228,0
216,1789417133,1741,0,0,1,1463,3655,0
218,1789417133,1510,0,0,1,1589,3255,0
217,1789417133,1638,0,0,1,1821,3984,0
219,1789417206,4308,0,0,1,255,2410,0
221,1789417206,165,0,0,1,1206,3080,0
220,1789417206,1630,0,0,1,259,2911,0
222,1789417206,1167,0,0,1,254,2802,0
223,1789417207,3609,0,0,1,255,2279,0
225,1789417416,2020,0,0,1,2190,3392,0
224,1789417416,1989,0,0,1,1590,2224,0
226,1789417610,4452,0,0,1,257,2188,0
227,1789417790,4709,0,0,1,257,2191,0
230,1789419824,265,0,0,1,257,1755,0
231,1789419854,493,0,0,1,257,728,0
236,1789424227,1247,0,0,1,3313,2707,0
233,1789424227,1218,0,0,1,2430,3408,0
234,1789424227,567,0,0,1,2767,3284,0
235,1789424227,194,0,0,1,2022,2426,0
237,1789425641,1103,0,0,1,1673,2766,0
238,1789425641,78,0,0,1,2044,1288,0
240,1789425642,300,0,0,1,1875,1951,0
239,1789425642,119,0,0,1,1660,2048,0
241,1789425909,225,0,0,1,1407,268,0
242,1789426471,151,0,0,1,257,2535,0
243,1789426597,45,0,0,1,3125,3322,0
244,1789426701,1562,0,0,1,259,3461,0
245,1789426753,101,0,0,1,257,1552,0
246,1789427085,72,0,0,1,2461,2405,0
247,1789427144,112,0,0,1,1584,2087,0
249,1789427169,54,0,0,2,1830,7833,0
250,1789427169,50,0,0,2,1622,5188,0
252,1789427169,72,0,0,2,2115,6235,0
248,1789427169,30,0,0,2,1818,6817,0
251,1789427169,39,0,0,2,1992,6625,0
253,1789427210,75,0,0,1,2540,2920,0
254,1789429501,52,0,1,1,1216,-1,0
255,1789430319,2428,0,0,1,259,155,0
257,1789430354,2384,0,0,2,257,155,0
256,1789430354,2371,0,0,2,257,7226,0
259,1789430354,2194,0,0,2,257,242,0
258,1789430354,2384,0,0,2,257,155,0
260,1789430651,72,0,0,1,1571,2519,0
261,1789430651,326,0,0,1,1287,2661,0
264,1789430651,161,0,0,1,1480,2694,0
263,1789430651,391,0,0,1,1547,3328,0
262,1789430651,319,0,0,1,1780,2710,0
265,1789430709,2956,0,0,1,253,5936,0
266,1789430720,2485,0,0,1,259,8282,0
268,1789430762,2018,0,0,2,257,4339,0
269,1789430762,2094,0,0,2,257,5221,0
267,1789430762,100,0,0,2,3463,5282,0
270,1789430762,504,0,0,2,257,1162,0
271,1789430763,1544,0,0,2,257,3464,0
272,1789430764,282,0,0,2,4107,3602,0
275,1789430769,2882,0,0,2,255,3002,0
274,1789430769,1801,0,0,2,257,766,0
273,1789430769,231,0,0,2,2917,4038,0
276,1789430769,1663,0,0,2,257,3468,0
277,1789430770,226,0,0,2,2742,2757,0
278,1789430775,1548,0,0,2,257,6303,0
279,1789430776,470,0,0,1,2213,3251,0
280,1789431038,703,0,0,1,2007,2487,0
281,1789431186,1057,0,0,2,257,4523,0
282,1789431290,590,0,0,1,257,2461,0
283,1789431290,2081,0,0,1,2025,2803,0
284,1789431335,1403,0,0,1,257,155,0
285,1789432157,1039,0,0,2,5397,5094,0
286,1789432438,266,0,0,1,2729,3154,0
287,1789432558,180,0,0,2,2905,155,0
288,1789433105,39,0,0,1,2322,1102,0
289,1789433377,79,0,0,1,2564,3137,0
290,1789434555,96,0,0,1,2614,3397,0
291,1789434816,1225,0,0,1,255,4511,0
292,1789434825,207,0,0,2,255,4641,0
293,1789434825,186,0,0,2,255,140,0
294,1789435009,2216,0,0,1,211,7063,0
295,1789435015,978,0,0,2,257,1010,0
296,1789435015,1637,0,0,2,257,6823,0
297,1789435082,163,0,0,1,1621,1529,0
298,1789435345,28,0,0,1,1889,2613,0
299,1789435811,407,0,0,1,257,2704,0
300,1789435840,43,0,0,1,257,5675,0
301,1789436006,1201,0,0,2,257,5541,0
302,1789436037,138,0,0,1,257,4660,0
303,1789436206,404,0,0,1,2568,3603,0
304,1789436266,31,0,0,1,2399,3022,0
305,1789436294,16,0,0,1,1628,1515,0
306,1789436341,170,0,0,1,2348,2891,0
307,1789436387,280,0,0,1,253,555,0
308,1789436571,97,0,0,1,206,1023,0
309,1789436581,1115,0,0,1,194,4989,0
310,1789436635,22,0,0,1,1303,1577,0
311,1789436747,162,0,0,1,1996,3294,0
312,1789436997,3188,0,0,1,1534,2754,0
313,1789437060,42,0,0,1,1531,5806,0
314,1789437481,359,0,0,1,257,4210,0
315,1789437817,58,0,0,1,2067,5065,0
316,1789438004,82,0,0,1,3052,5955,0
317,1789439119,338,0,0,1,4427,4322,0
318,1789439207,539,0,0,1,3158,4727,0
319,1789439220,274,0,0,1,2845,4256,0
320,1789439662,262,0,0,1,255,5960,0
322,1789439701,149,0,0,2,4773,4783,0
321,1789439701,167,0,0,2,4178,5338,0
323,1789439857,55,0,0,2,4690,2572,0
324,1789441218,841,0,0,1,257,924,0
325,1789441516,173,0,0,1,2302,2460,0
326,1789441738,142,0,0,1,2634,2632,0
327,1789441831,171,0,0,1,257,5924,0
328,1789441901,337,0,0,1,255,6356,0
329,1789442066,1480,0,0,1,257,1792,0
330,1789442081,317,0,0,1,257,5393,0
331,1789442271,132,0,0,1,1602,3382,0
332,1789442316,459,0,0,1,253,3709,0
333,1789442914,272,0,0,1,257,1038,0
336,1789442936,97,0,0,2,2901,5842,0
334,1789442936,178,0,0,2,2998,6880,0
335,1789442936,82,0,0,2,3041,3195,0
337,1789443075,414,0,0,1,259,5072,0
338,1789443437,547,0,0,1,257,3474,0
339,1789443574,164,0,0,1,257,6100,0
340,1789443685,266,0,0,1,259,4995,0
342,1789443711,105,0,0,2,257,7539,0
343,1789443711,90,0,0,2,2246,4711,0
341,1789443711,206,0,0,2,259,14648,0
344,1789443788,188,0,0,1,255,3420,0
345,1789443827,2659,0,0,1,257,2738,0
346,1789443848,204,0,0,1,2096,4035,0
347,1789443918,60,0,0,1,2077,1876,0
348,1789443954,595,0,0,1,259,4599,0
350,1789444070,2153,0,0,1,257,3175,0
349,1789444070,918,0,0,1,255,3621,0
351,1789444078,3658,0,0,1,4201,3391,0
352,1789444084,321,0,0,1,257,2920,0
354,1789444099,3632,0,0,2,4121,2942,0
355,1789444099,865,0,0,2,4086,3308,0
353,1789444099,1412,0,0,2,5201,4830,0
356,1789444183,157,0,0,1,2039,2612,0
357,1789444254,295,0,0,1,1935,3497,0
358,1789444551,277,0,0,1,257,2236,0
359,1789444572,753,0,0,1,257,4030,0
360,1789444624,386,0,0,1,257,824,0
361,1789444684,79,0,0,2,2633,5327,0
362,1789444716,1218,0,0,1,2194,1133,0
363,1789444938,2729,0,0,1,259,3263,0
364,1789445223,201,0,0,1,257,3856,0
365,1789445368,1,0,0,1,2005,384,1
366,1789445483,373,0,0,1,1933,3921,0
367,1789446004,4,0,0,1,2203,384,1
368,1789446219,3,0,0,1,1099,384,1
370,1789446356,3,0,0,1,3299,384,1
369,1789446356,3,0,0,1,3040,384,1
371,1789452623,1,0,0,1,1778,384,1
372,1789452623,2,0,0,1,1680,384,1
373,1789452623,2,0,0,1,1586,384,1
374,1789452666,3,0,0,1,3149,384,1
375,1789452693,777,0,0,1,257,3303,0
376,1789453484,64,0,0,1,2129,1431,0
377,1789454037,2,0,0,1,2478,384,1
382,1789454037,3,0,0,1,2455,384,1
378,1789454037,1,0,0,1,2488,384,1
381,1789454037,3,0,0,1,2476,384,1
379,1789454037,2,0,0,1,1907,384,1
380,1789454037,3,0,0,1,2455,384,1
383,1789454122,1,0,0,1,3104,384,1
384,1789454266,0,0,0,1,3522,384,1
385,1789454438,1,0,0,1,2232,384,1
387,1789455590,1,0,0,1,1125,384,1
386,1789455590,1,0,0,1,1199,384,1
388,1789455591,1,0,0,1,1092,384,1
390,1789455619,2,0,0,1,561,384,1
389,1789455619,1,0,0,1,644,384,1
391,1789455690,1,0,0,1,88,384,1
392,1789527691,0,0,0,1,2789,384,1
393,1789529838,1,0,0,1,3603,384,1
394,1789529856,1,0,0,1,1806,384,1
395,1789530101,1,0,0,1,118,384,1
396,1789530268,1,0,0,1,1476,384,1
397,1789531173,1,0,0,1,79,384,1
