sid,c0,c1,st,resp_md5,resp_len,parent8
1,1789367767,1789367779,completed,d5e210a64a16341df78c0ae66cae445e,1756,7240686c
2,1789367767,1789367790,completed,42839b4ff6a4a1998e9a7bd6e9aa991b,2516,7240686c
3,1789367767,1789367782,completed,6675462102e8f9dbdee663c11d71ad02,1983,7240686c
4,1789368226,1789368416,completed,13165d0493a46d61147e645e36d544b7,3184,7240686c
5,1789368233,1789368335,completed,4a99121102b5c6accb77d05ff61bc281,2152,7240686c
6,1789369770,1789369817,completed,d41d8cd98f00b204e9800998ecf8427e,0,7240686c
7,1789370272,1789370273,completed,b4aefd29108f232f9c0d5a4b030215c1,384,f99a2d06
8,1789370536,1789370642,completed,13e83d5c6b9f67ea5f489ed9fb6f8e41,2493,f99a2d06
9,1789371351,1789371409,completed,d41d8cd98f00b204e9800998ecf8427e,0,f99a2d06
10,1789371413,1789371421,completed,d41d8cd98f00b204e9800998ecf8427e,0,f99a2d06
11,1789371782,1789371804,completed,615e603adbd14eda73d88a0e0c34a2ae,3078,7240686c
12,1789371782,1789371827,completed,1618348f326a19c3a3ec815af0d4dac1,4324,7240686c
13,1789373436,1789373534,completed,1dba25c5569396940144fcf00adafb19,2767,7240686c
14,1789374195,1789374377,completed,953361aec38dcf443df1e6afba512afd,3029,7240686c
15,1789376178,1789376251,completed,fd47884e5ed3773f98fdac14e9a45dd9,9135,58246538
16,1789376555,1789379797,completed,320b7f35d433593d4b72477fea51e5a6,8529,7240686c
17,1789376569,1789376996,completed,31af96c39638e48b3b3ad6baa02503b1,1044,a0907f6c
18,1789376619,1789377138,completed,df54f9e9be72534e6a5db1d253a7f7c7,3395,7240686c
19,1789376920,1789377194,completed,6f00c9c078289256b94a40b314c3cecd,2807,7240686c
20,1789377041,1789378947,completed,30725f78867d53a7e03bf2e288599d8c,4675,a0907f6c
21,1789377185,1789377498,completed,4455add3a67e06f452e40a40592e0d73,4424,7240686c
22,1789377186,1789377266,completed,eff84a6aedb532121dcea6d9627f24d,3804,7240686c
23,1789377275,1789377681,completed,50e139262307ee8bef09ff31b9ba024c,5902,7240686c
24,1789378505,1789378564,completed,cda4aa48825a4a4853e2b8e9303eff4,4545,58246538
25,1789378505,1789378567,completed,aa40a7dc00d0349390583d01d01ffdde,4872,58246538
26,1789378505,1789378678,completed,695dbf858384478c8276dd5ff9b2ca3a,7278,58246538
27,1789378505,1789378771,completed,fdc5a8f6ef84177a5f4dccf40a81b0d81,6266,58246538
28,1789378505,1789378560,completed,09e4a74ca1ab9344853e2b8e9303eff4,2727,58246538
29,1789378546,1789379659,completed,902b73c3435cf401a0402d4b49aded61,1919,58246538
30,1789378564,1789378576,completed,15d5c004f651666ff994a8df754e4eba,164,89580d46
31,1789378564,1789378703,completed,b80d6bbda08e94becb777a74e2a9beb1,276,89580d46
32,1789378564,1789378784,completed,d9a1061335873333bbf547bea1d70d37,1080,89580d46
33,1789378564,1789379654,completed,e7bea3dc567f131a64954e262d2a9e9e,949,89580d46
34,1789378611,1789379336,errored,eeea371bed4b37c9ef75ffd3b99d2852,94,7240686c
35,1789378611,1789378871,completed,79f77b8e448e228540dc75d75b487e6b,1242,7240686c
36,1789378654,1789378778,completed,ae584924398532fb04000ce6129f43a8,1451,7240686c
37,1789378654,1789378934,completed,5c006bc84ba4f9cb5e94722ebf46ed1b,1954,7240686c
38,1789378654,1789378700,completed,2b8e6f335c7e9bf77c61ecee63e559a2,1922,7240686c
39,1789378654,1789378675,completed,e45f80dbf912a29221ecb150ae5a04ec,3078,7240686c
40,1789378654,1789379337,errored,eeea371bed4b37c9ef75ffd3b99d2852,94,7240686c
41,1789378702,1789379337,errored,eeea371bed4b37c9ef75ffd3b99d2852,94,7240686c
42,1789378762,1789380494,completed,88e9d678e82c340fc46e3a1da2125a63,949,7240686c
43,1789378841,1789379337,errored,eeea371bed4b37c9ef75ffd3b99d2852,94,7240686c
44,1789378841,1789379337,errored,eeea371bed4b37c9ef75ffd3b99d2852,94,89580d46
45,1789378922,1789378956,completed,8c418ccec306a4e936e2c03cec097e91,2011,6a2585ad
46,1789378922,1789378964,completed,fef8a7a354dca3135d46f88fe132a322,2721,6a2585ad
47,1789378936,1789379338,errored,eeea371bed4b37c9ef75ffd3b99d2852,94,7240686c
48,1789378949,1789379338,errored,eeea371bed4b37c9ef75ffd3b99d2852,94,f99a2d06
49,1789378975,1789379338,errored,eeea371bed4b37c9ef75ffd3b99d2852,94,58246538
50,1789378975,1789385946,completed,491f7681fd4251e2ddb78c42a30c42fe,2252,58246538
51,1789379011,1789379675,completed,97e901ba33a50791460d5f06d082d449,3065,f99a2d06
52,1789379110,1789379338,errored,eeea371bed4b37c9ef75ffd3b99d2852,94,7240686c
53,1789379142,1789379338,errored,eeea371bed4b37c9ef75ffd3b99d2852,94,7240686c
54,1789379144,1789379338,errored,eeea371bed4b37c9ef75ffd3b99d2852,94,f99a2d06
55,1789379145,1789379339,errored,eeea371bed4b37c9ef75ffd3b99d2852,94,f99a2d06
56,1789379345,1789379672,completed,78d09aa0e8d70433ca912a5e4aa1d4c2,3815,f99a2d06
57,1789379349,1789379692,completed,ac5a12ed92172fcb9cee76ff93de2b03,2432,f99a2d06
58,1789379351,1789380046,completed,24e6f40ea6a9c95e479c84abf3db9dff,3147,f99a2d06
59,1789379359,1789380553,completed,20ff27b5fabc611d98933e3f2262ce59,2952,58246538
60,1789379401,1789383958,completed,47c17716e1786acfa210aceb4f1893a9,3791,7240686c
61,1789379401,1789382761,completed,1f641085da00717394db63813b6541b8,1068,7240686c
62,1789379401,1789379418,completed,962ce60c982be3faf525d82fb273e297,155,7240686c
63,1789379401,1789381532,completed,f0fa7ddc21f8e2fe08b677ca5a28a326,164,7240686c
64,1789379401,1789380426,completed,7144ea10d16249ceadbaeea824ec0365,2497,7240686c
65,1789379401,1789381365,completed,b621263e3a3ae934a656530ab2a5597b,3164,7240686c
66,1789379401,1789379863,completed,275841543c84924138d558287a548d2e,2744,7240686c
67,1789379439,1789379510,completed,07c9728b7776ec75aba20edecc36d28f,1396,89580d46
68,1789379558,1789379983,completed,80a2ea3bec486d9c6d193d4e8c2f4670,12093,6a2585ad
69,1789379668,1789385199,completed,ec1f8cc91edb80430c0ee7c11ea7a458,2824,c51c0f55
70,1789379790,1789380334,completed,b4b25b16ba519428a21cef0070a84e5d,3469,58246538
71,1789379961,1789379995,completed,2710af81b043977a8000aa00fc81b680,2413,0a5d2dd2
72,1789379994,1789380041,completed,386a491b00e9e553182f089476205122,3115,6a2585ad
73,1789379994,1789380352,completed,ff9c88eb86ba4e990a0944b158580a08,3803,6a2585ad
74,1789380436,1789383972,completed,a322124a80078715745b502d03bbfc11,586,58246538
75,1789380679,1789383916,completed,f7e6e176ca27535c8bc9e1ade721da5b,2956,f99a2d06
76,1789380849,1789381032,completed,f46f056ddbe3962daaea0a8317849afe,4134,7240686c
77,1789381006,1789381166,completed,0702a72f28bfb99fff5ac22cbdcdad3f93,3136,b38843ae
78,1789381020,1789381277,completed,14c94d093248f8fbb87f261a6e0a4ff5,7184,f99a2d06
79,1789381044,1789382397,completed,84589649847de195349898ce72270388,3510,7240686c
80,1789381070,1789381572,completed,9f8144b547da64a16990c158050624f9,9003,f99a2d06
81,1789381351,1789382761,completed,287968259f7a1698f76917d6ccfb4e8e,1321,7240686c
82,1789381502,1789381842,completed,43a17c03cd6d9621705f2a56e4a6332f,3678,7240686c
83,1789381668,1789383790,completed,db6a9508839cd76b1e922356b19142d,4117,f99a2d06
84,1789382097,1789382947,completed,a69b2bbd2bf709c6f6318039bae3f2c1,373,7240686c
85,1789382097,1789382761,completed,5388b7b19f2d28b37c533084870a6c03,6033,7240686c
86,1789382370,1789383524,completed,df651422c178cc251d3abda9e3890589,99,d75cc8ab
87,1789382413,1789382430,completed,9ccc1d9a19101d2cf1cf93f6b1053844,128,b0cd8cad
88,1789382434,1789382749,completed,32290e6fe6636fff2ec939410a20b653,1073,b0cd8cad
89,1789382459,1789382598,completed,962ce60c982be3faf525d82fb273e297,155,f99a2d06
90,1789382610,1789382768,completed,d814b83b3831f97cd2cc6034455a31fc,5379,7240686c
91,1789382610,1789383915,completed,d23cf425841eb357bf5b634e48235966,3904,7240686c
92,1789382786,1789384024,completed,c64f7e31f6ac526a7145d034ccb01b20,592,7240686c
93,1789383386,1789383494,completed,988d792fc03f93e00eedd2a93e93a610,9048,7240686c
94,1789383556,1789383647,completed,46a1063a7a8e4d13dc2300afd5d4ff6a,8820,7240686c
95,1789383711,1789384126,completed,3b1a608ceeeca8777dabb0d86e7bb9e0,9288,7240686c
96,1789383711,1789386402,completed,c9cd79717f82d8bc33421a93566df57f,3079,7240686c
97,1789383823,1789384321,completed,fa99335f26bdaf58cac5d58c32d938,3945,13bd458b
98,1789383823,1789384210,completed,094583c322e3bd08ed96df95ceaa5a6f,4281,13bd458b
99,1789383823,1789384178,completed,a4485dad74d874707691f2f59bcee70b,3531,13bd458b
100,1789383823,1789384196,completed,fabc2d2f1118854b919b445ba73d361e,3214,13bd458b
101,1789383823,1789384144,completed,5da32aad32c1752ad32c1752ad32c175,3146,13bd458b
102,1789383823,1789384035,completed,1e76b63d158dce4a4d20b076aa773e33,3748,13bd458b
103,1789383823,1789383983,completed,03588047a1dde10d6e0139797bf60349,3208,13bd458b
104,1789384029,1789384382,completed,7aea314ba8877ddde49e69cccb6066b5,2883,7240686c
105,1789384046,1789384271,completed,cc84d12646ae2b4d4ba015f5ce810a70e,3790,7240686c
106,1789384074,1789384629,completed,47b0129a06422151e746bc4c4262846b,3124,7240686c
107,1789384328,1789385137,completed,c12106cff4838f40b215017305e55654,158,13bd458b
108,1789384328,1789384409,completed,dba4d49b27a0b1e39f22a5db788326b6,7125,13bd458b
109,1789384328,1789384480,completed,be379d40550d7496d9c20f745694b84e,3751,13bd458b
110,1789384328,1789384466,completed,5090b48cefb37c1e9ce5fc93e6f4a2cf,2588,13bd458b
111,1789384328,1789384476,completed,9506570d9b41b2cb9a485ddec966efef,2819,13bd458b
112,1789384328,1789384383,completed,2b8ce83ba1c0125f44251a1ad82e0d0,3110,13bd458b
113,1789384414,1789384795,completed,62821e5a7e0eaf5f8ad5b0fb5d2dab6f,2703,7240686c
114,1789384450,1789385104,completed,e772deca8e6df7e481840cb8d62afa67,4747,58246538
115,1789384799,1789385708,completed,0705468f41b4a366c1ab5d0b6befb801,3296,7240686c
116,1789385111,1789385209,completed,b387f7956f4eb1475491294f84814995,1063,7240686c
117,1789407812,1789409603,completed,4203bb119251818721ad95032dd10ae7,2648,f99a2d06
118,1789407868,1789407987,completed,07c0791a765a1122b17cc975c93a1c5e,1861,7240686c
119,1789407868,1789408009,completed,005664ff034954a5f8dc489fc43ded2a,2014,7240686c
120,1789407868,1789408023,completed,21f936bcc3065ee725248bc25582b29e,2686,7240686c
121,1789407868,1789408050,completed,74efa9ca3b4abd6a9f5bd70215761d08,2347,7240686c
122,1789407868,1789408063,completed,ab0f0416e122e858db8cd652b874bd70,2687,7240686c
123,1789407868,1789408152,completed,a3d8e4f465f5e8febc46cd9b71110f2d,3341,7240686c
124,1789407868,1789408236,completed,aa2526db36c53495ebc373209a069d9d,1869,7240686c
125,1789407868,1789408160,completed,3e2d6d0cbf1aeef991ec5858813e1596,2415,7240686c
126,1789407868,1789407986,completed,4d5185bec485170b68477f90e8c0c1b2,2312,7240686c
127,1789407868,1789408058,completed,8859ead291e5ef62c41734d62d9dba08,2923,7240686c
128,1789407868,1789408029,completed,bc54f8e053071fe092eaed545be1b2ba,2043,7240686c
129,1789407868,1789408001,completed,78d48682aa879c9c29e165a2324e4b41,1677,7240686c
130,1789407868,1789408024,completed,bfd57bb7913e4d15dbf0733b803dc183,1533,7240686c
131,1789407868,1789407965,completed,bb50b5cb01fcaa3a9df788a20a9562d1,1214,7240686c
132,1789407868,1789407953,completed,9079dddc8c66a4d46d2e4c407eb318cc,1591,7240686c
133,1789407868,1789408001,completed,c79d4938670fbbcece92705a038e4892,2086,7240686c
134,1789407868,1789408023,completed,82a0521f1953d4fd55255b6ea9299429,1913,7240686c
135,1789407868,1789408003,completed,689502ba92c6f3bdaa7176674d8cbed3,1542,7240686c
136,1789407903,1789408077,completed,86241cebfb058ef06cdfe961fdbd2710,1844,7240686c
137,1789407907,1789414853,completed,baf6110e8dcc34d8ba94bc0eb4a8034f,1414,58246538
138,1789407908,1789408331,completed,83e98e70b51047fc27c358b294d045ea,1813,7240686c
139,1789408050,1789408245,completed,ae4bdab821152bac0647783f672966f8,1309,7240686c
140,1789408050,1789408299,completed,809a39f7bfaf0d3cc2604da57b068c94,2240,7240686c
141,1789408051,1789408423,completed,c06b55a394400631daba6a743489b05d,1865,7240686c
142,1789408051,1789408393,completed,468c35a9809dc9895dd72b75c6110f92,2097,7240686c
143,1789408051,1789408288,completed,6f6d605db8275282217bad40c50d63ed,1836,7240686c
144,1789408051,1789408219,completed,c0a59aef53d8891adfc4dbdd0ed2a61c,1658,7240686c
145,1789408071,1789408503,completed,a1d18679a5490f2e507cb697e8d9c5af,2091,7240686c
146,1789408080,1789408599,completed,9688c397177bd10a6ac79b4a57b02ecd,2423,7240686c
147,1789408084,1789408437,completed,ebaec4a6d1f7c6013eeb5a369556f763,1738,7240686c
148,1789408094,1789408250,completed,996a19178fb101d57c7c5c56720faa0a,992,7240686c
149,1789408102,1789408347,completed,4049c6e170e53c2e25a3a75bc831c5b2,1668,7240686c
150,1789408111,1789408837,completed,662feed7f37ec0cc93773f8ff1f69561,2410,7240686c
151,1789408120,1789409225,completed,d67c4e7c7f652c2a568354a33a612224,2702,7240686c
152,1789408133,1789409217,completed,0d53fe65af215af2b05ee78f6c9da270,3346,7240686c
153,1789408139,1789408649,completed,88521e1dc7e42650355d0202d5d2fa29,3209,7240686c
154,1789408144,1789408399,completed,1853eb7c7946831f37af9cce54d4ced2,2275,7240686c
155,1789408154,1789410040,completed,c878aaa1d92847810d35f45c4b75aca2,972,7240686c
156,1789408164,1789408894,completed,4ecdb3a71ddee913d74964bf62736edb,2937,7240686c
157,1789408249,1789410621,completed,c1082f882e2c81150400bd669dbf48af,514,11c57cea
158,1789408249,1789408294,completed,cbafb6919fde524eb14e8fba605ee5f5,3912,11c57cea
159,1789408253,1789408635,completed,e4cf28f993a25593b982f071301d103f,2587,7240686c
160,1789408333,1789408453,completed,8a6b3b891d7de47d6b2eb642eabd1e2f,2117,7240686c
161,1789409050,1789411846,completed,9e2adc6630e228accda7b0d567c97687,3027,7240686c
162,1789409228,1789409603,completed,4a549403d31edcce7ba90776204a80e5,2404,7240686c
163,1789409317,1789409473,completed,b43c855c01e063feeb152f1526ff1034,192,d2b16b47
164,1789409357,1789411162,completed,a43340b7b38211353b2f52e8bef18463,2657,7240686c
165,1789409483,1789409581,completed,b4069544e2d2cd972adb6edadc0519b7,234,d2b16b47
166,1789409487,1789409584,completed,5b61574efd5d80ddcb90ecf09dd13a9b,365,7240686c
167,1789409487,1789409558,completed,06ab44ab424ac0eaf356ae176fc3fd4b,275,7240686c
168,1789409526,1789409719,completed,82e3d8d7b7c543bf88908114aeb7ed1b,118,7240686c
169,1789409563,1789420503,completed,faf17e207ecb95583f2dadfa39b6dda4,2551,7240686c
170,1789409587,1789415391,completed,c8ec88d6a1be2f6faaa3067e59d9d881,144,7240686c
171,1789409723,1789409857,completed,962ce60c982be3faf525d82fb273e297,155,7240686c
172,1789409861,1789409961,completed,9457aced958c4743a01b3bb19f3ae759,98,7240686c
173,1789410095,1789412270,completed,8addfde29a010d6c5601b586c7fc3226,3005,7240686c
174,1789410131,1789413847,completed,d9844f7d5f482c2a76b4d189c9ded90e,97,f99a2d06
175,1789410273,1789411995,completed,9df8d40c18db6cc9d4a6f63bf8de2630,4177,58246538
176,1789410283,1789411640,completed,966d1797b0648058dbe815b043534178,122,3a9d1972
177,1789410309,1789411331,completed,cea1bb5abcf9b81097a4a6a9a226937b,2726,7240686c
178,1789410895,1789413231,completed,4f10ca1a78ba8b39ab98e84404852b42,2958,58246538
179,1789411150,1789411614,completed,25567259493b8de897498a432d59b7f9,75,7240686c
180,1789411496,1789414631,completed,8c6de4a571c9dc31a1567ff2ceaeb5f2,2602,f99a2d06
181,1789411659,1789414578,completed,a3744079490a4f9c1b2ee7613e00e681,2888,7240686c
182,1789412074,1789412450,completed,9b319b3a0cf87b3ee7de3babead909b6,2231,58246538
183,1789412463,1789412709,completed,9aa3bdf0b5de923d056e8b57a0e314cd,4711,58246538
184,1789412560,1789413047,completed,808b49b657f9f65190a43d97c1138894,1765,58246538
185,1789412725,1789413940,completed,964d4f1441ed41bdd1809d660d920a35,166,7240686c
186,1789412769,1789413336,completed,8e5ec05d1280257f0eb18705180cb8d9,2458,7240686c
187,1789412814,1789413039,completed,cb44da6bb72bbd3ee646c5c558f1279e,650,58246538
188,1789412816,1789418192,completed,e632e3d0a98b4c79fb35fa9cc3cc7be2,1302,7240686c
189,1789412990,1789414343,completed,a10ffe0aa0d43a3125df3c6f2bb9a3d2,2218,58246538
190,1789413073,1789415258,completed,85710b65e308c9b28abeef6fc6f04765,2921,58246538
191,1789413135,1789414060,completed,d14e3bbb15f83326642677848f2cc02e,8856,f99a2d06
192,1789413294,1789414099,completed,e4839be9e80e1c312aaff42ecfc651a7,3449,58246538
193,1789413385,1789416274,completed,3ce031e6ca1dd48a305fd342fb5f0a38,2522,58246538
194,1789413921,1789414086,completed,0eb8389bf62ba758a4624e939885ccd8,3210,58246538
195,1789414263,1789414986,completed,439631b0c212859f8ddb16f7f6ec8f6e,157,f99a2d06
196,1789414263,1789416137,completed,1560cbb86c8e7d6015f5ce810a70e449,3863,f99a2d06
197,1789414352,1789418559,completed,4f6510962be2720d48722700581f1f35,3438,7240686c
198,1789414369,1789415145,completed,cd846b799bc1f122be979f9ec1d5d4d2,2988,58246538
199,1789414561,1789415737,completed,a0949783e1ab2a06cf5ec78533971414,140,58246538
200,1789414642,1789415437,completed,2464acc4541b897dcf8e24f43c1100a1,233,f99a2d06
201,1789414763,1789415411,completed,4cfa83fc462f6b70cf18b93c397acef3,1413,7240686c
202,1789414845,1789414954,completed,95f533fce675894f64c838408fed2200,302,67fcb771
203,1789414849,1789417152,completed,cc1e8edd411fccc86479ad9d62ecdfd4,2785,f99a2d06
204,1789414938,1789415119,completed,ebae48f79697706add2040cb1c2c5491,2403,7240686c
205,1789415049,1789415488,completed,d39a06f1c3cc5af6729cc19fee3ec80c,2779,58246538
206,1789415050,1789419442,completed,17a1d89688d040c9be7e67c760e9a5da,3598,67fcb771
207,1789415554,1789416307,completed,b20d22e64929a1a7257b3a30702fce10,2397,58246538
208,1789415748,1789417994,completed,931bb6c5e8a86be9e287768abf01341f,3214,58246538
209,1789415814,1789416579,completed,546559fa466a0c63c9e8eeb97d4d7833,3449,f99a2d06
210,1789415826,1789415944,completed,0fd6318ee0c01aed6c4b6cec9f0f78d8,5350,58246538
211,1789415826,1789415923,completed,da18b229df328d8cf3de9ad7e60b8b3d,386,58246538
212,1789416177,1789417887,completed,ce8a780b36be2f8f08e279118dec34ea,3479,58246538
213,1789416229,1789417031,completed,9d65a673b1dd6dd930369690eb2cd51c,193,7240686c
214,1789416238,1789417097,completed,9ed6b486d3ea878635566d9a8797530c,2387,7240686c
215,1789416915,1789417152,completed,486e4a7ead2f02365df6b70cf18b5d337,2228,58246538
216,1789417133,1789418874,completed,aeec0e95d4544de77c72781f2f11af73,3655,58246538
217,1789417133,1789418771,completed,32a1bfbf14441d14a70baf4804f6c1d2,3984,58246538
218,1789417133,1789418643,completed,1810287f1e0cea42a35d0cf3ed52eab4,3255,58246538
219,1789417206,1789421514,completed,961b6563555bda7155f10c557200c4ee,2410,f99a2d06
220,1789417206,1789418836,completed,d1ab6e028b781130666cf4b93e35c3bd,2911,f99a2d06
221,1789417206,1789417371,completed,119c78b6ddff796b6d9f93c67fdac10b,3080,f99a2d06
222,1789417206,1789418373,completed,98a9959a2181b8ea288195a0b044e64e,2802,f99a2d06
223,1789417207,1789420816,completed,bfbcdd681a11971d8edb4731cf59f00d,2279,f99a2d06
224,1789417416,1789419405,completed,65219b3e30ab972ff475f9a21ca1567e,2224,f99a2d06
225,1789417416,1789419436,completed,76a68ea012498393d3d12a07efeaa23c,3392,f99a2d06
226,1789417610,1789422062,completed,dad58308d7ed8c4b0bf6efab8e9a1bd7,2188,7240686c
227,1789417790,1789422499,completed,ed01ec87f83f88de8ce9e67ca8a22561,2191,7240686c
