agent_type,child_agent_id,child_depth,classification,completed_at,created_at,model,parent_agent_id,requester_source,spawn_id,status
,5ffadbf5-7e59-41fc-9f6b-13462b0c5b7b,1,genuine,1789367779,1789367767,ipnext/avocado-5.16-v4,7240686c-d790-463d-bad2-c969fc65885e,runtime,1,completed
,dd4b5431-dd39-4913-88cf-f3e7d714d012,1,genuine,1789367790,1789367767,ipnext/avocado-5.16-v4,7240686c-d790-463d-bad2-c969fc65885e,runtime,2,completed
,b8cf8c06-e878-409a-9b80-a1bc923cb81d,1,genuine,1789367782,1789367767,ipnext/avocado-5.16-v4,7240686c-d790-463d-bad2-c969fc65885e,runtime,3,completed
,f0c226e1-a086-4dcb-a3ed-9069d5a2bc10,1,genuine,1789368416,1789368226,ipnext/avocado-5.16-v4,7240686c-d790-463d-bad2-c969fc65885e,runtime,4,completed
,5cc7fa2d-9579-4387-ab30-a6bd626b15de,1,genuine,1789368335,1789368233,ipnext/avocado-5.16-v4,7240686c-d790-463d-bad2-c969fc65885e,runtime,5,completed
browser_task,96004724-3d32-4623-983d-4c7df66ea3c1,1,genuine,1789369817,1789369770,ipnext/avocado-5.16-v4,7240686c-d790-463d-bad2-c969fc65885e,runtime,6,completed
,2d419d17-bb10-40b8-a31e-c76a600b2735,1,refused_as_completed,1789370273,1789370272,ipnext/avocado-5.16-v4,f99a2d06-767f-4e10-b3ce-6fb72bbd92d0,runtime,7,completed
,a4f0d827-f3a2-41e6-96f1-62631dd6625c,1,genuine,1789370642,1789370536,ipnext/avocado-5.16-v4,f99a2d06-767f-4e10-b3ce-6fb72bbd92d0,runtime,8,completed
browser_task,a18ab0c3-a161-4058-95bc-96d78cdc9e3c,1,genuine,1789371409,1789371351,ipnext/avocado-5.16-v4,f99a2d06-767f-4e10-b3ce-6fb72bbd92d0,runtime,9,completed
browser_task,07dbcbe8-3e57-42c1-97c7-2ea8b07f4576,1,genuine,1789371421,1789371413,ipnext/avocado-5.16-v4,f99a2d06-767f-4e10-b3ce-6fb72bbd92d0,runtime,10,completed
,2b48e844-f27b-4cbd-9c4a-137069bc8796,1,genuine,1789371804,1789371782,ipnext/avocado-5.16-v4,7240686c-d790-463d-bad2-c969fc65885e,runtime,11,completed
,f7af9cc2-e447-4de1-8005-7e7c36125081,1,genuine,1789371827,1789371782,ipnext/avocado-5.16-v4,7240686c-d790-463d-bad2-c969fc65885e,runtime,12,completed
,8865c90f-c4d1-450d-a8e8-37eb17a008d1,1,genuine,1789373534,1789373436,ipnext/avocado-5.16-v4,7240686c-d790-463d-bad2-c969fc65885e,runtime,13,completed
,d2e7a14a-d8eb-48e5-aa2d-9f0e1157fe06,1,genuine,1789374377,1789374195,ipnext/avocado-5.16-v4,7240686c-d790-463d-bad2-c969fc65885e,runtime,14,completed
,d0fa885a-90a9-4d59-ad9c-8a71a138f5a8,1,genuine,1789376251,1789376178,ipnext/avocado-5.16-v4,58246538-8068-45cc-80bd-3837e3558cbd,runtime,15,completed
,a0907f6c-1004-4496-8861-0375cd07648a,1,genuine,1789379797,1789376555,ipnext/avocado-5.16-v4,7240686c-d790-463d-bad2-c969fc65885e,runtime,16,completed
,248d4a7e-b675-4130-b223-ea25e2b26910,2,genuine,1789376996,1789376569,ipnext/avocado-5.16-v4,a0907f6c-1004-4496-8861-0375cd07648a,runtime,17,completed
,0b0c5b14-1ef7-42d5-bd8a-f3eeb64d6c81,1,genuine,1789377138,1789376619,ipnext/avocado-5.16-v4,7240686c-d790-463d-bad2-c969fc65885e,runtime,18,completed
,a394c21b-396e-4eb8-91a1-1ba4003153b2,1,genuine,1789377194,1789376920,ipnext/avocado-5.16-v4,7240686c-d790-463d-bad2-c969fc65885e,runtime,19,completed
,e3e05995-1943-4c00-8ded-218fbb9f07b3,2,genuine,1789378947,1789377041,ipnext/avocado-5.16-v4,a0907f6c-1004-4496-8861-0375cd07648a,runtime,20,completed
,ccf429ea-3668-4684-a4bd-49b918d4b3b8,1,genuine,1789377498,1789377185,ipnext/avocado-5.16-v4,7240686c-d790-463d-bad2-c969fc65885e,runtime,21,completed
,a897b27e-0128-4b8a-bdb1-0c7ee1d57aab,1,genuine,1789377266,1789377186,ipnext/avocado-5.16-v4,7240686c-d790-463d-bad2-c969fc65885e,runtime,22,completed
,b3364abe-95e9-4f78-921b-528e44e35bd3,1,genuine,1789377681,1789377275,ipnext/avocado-5.16-v4,7240686c-d790-463d-bad2-c969fc65885e,runtime,23,completed
,5b294b41-6c06-4d1a-bfcb-f87a0a626e4c,1,genuine,1789378564,1789378505,ipnext/avocado-5.16-v4,58246538-8068-45cc-80bd-3837e3558cbd,runtime,24,completed
,788ae919-1df5-4da6-8dec-e5617bb77e34,1,genuine,1789378567,1789378505,ipnext/avocado-5.16-v4,58246538-8068-45cc-80bd-3837e3558cbd,runtime,25,completed
,fda30684-8492-4e5e-9a0a-83a7c43639d1,1,genuine,1789378678,1789378505,ipnext/avocado-5.16-v4,58246538-8068-45cc-80bd-3837e3558cbd,runtime,26,completed
,86668a06-d1b8-4e1d-9918-451536767504,1,genuine,1789378771,1789378505,ipnext/avocado-5.16-v4,58246538-8068-45cc-80bd-3837e3558cbd,runtime,27,completed
,ce20a325-581f-4f2c-b391-7504b85a6720,1,genuine,1789378560,1789378505,ipnext/avocado-5.16-v4,58246538-8068-45cc-80bd-3837e3558cbd,runtime,28,completed
,89580d46-9485-4aa5-898d-8053d3718bb7,1,genuine,1789379659,1789378546,ipnext/avocado-5.16-v4,58246538-8068-45cc-80bd-3837e3558cbd,runtime,29,completed
,c80efbb3-3e0c-418b-a477-9125ca5cdfc3,2,genuine,1789378576,1789378564,ipnext/avocado-5.16-v4,89580d46-9485-4aa5-898d-8053d3718bb7,runtime,30,completed
,b71f79f1-fcef-46c0-a4f3-a78c37f10c2d,2,genuine,1789378703,1789378564,ipnext/avocado-5.16-v4,89580d46-9485-4aa5-898d-8053d3718bb7,runtime,31,completed
,c931c91a-368e-4e2f-a721-6524105b59ce,2,genuine,1789378784,1789378564,ipnext/avocado-5.16-v4,89580d46-9485-4aa5-898d-8053d3718bb7,runtime,32,completed
,48b213fd-3bae-48b4-a9f1-d70d6f90f58a,2,genuine,1789379654,1789378564,ipnext/avocado-5.16-v4,89580d46-9485-4aa5-898d-8053d3718bb7,runtime,33,completed
,54b7b2aa-9c94-465f-abe4-fdb7cd533d4f,1,other:errored,1789379336,1789378611,ipnext/avocado-5.16-v4,7240686c-d790-463d-bad2-c969fc65885e,runtime,34,errored
,00e4b2c5-1eff-4b7c-b9dc-8e1c86bcfa39,1,genuine,1789378871,1789378611,ipnext/avocado-5.16-v4,7240686c-d790-463d-bad2-c969fc65885e,runtime,35,completed
,0d18ab4e-c4c8-4e70-93b5-1ba7d9cf6b66,1,genuine,1789378778,1789378654,ipnext/avocado-5.16-v4,7240686c-d790-463d-bad2-c969fc65885e,runtime,36,completed
,632e5156-f193-44f1-826d-a0fae3ff712f,1,genuine,1789378934,1789378654,ipnext/avocado-5.16-v4,7240686c-d790-463d-bad2-c969fc65885e,runtime,37,completed
,4152d53a-6f02-48b8-a9b1-bd3d5577dcd3,1,genuine,1789378700,1789378654,ipnext/avocado-5.16-v4,7240686c-d790-463d-bad2-c969fc65885e,runtime,38,completed
,34accecb-ea7a-44fd-bdf9-6e64920d7fb8,1,genuine,1789378675,1789378654,ipnext/avocado-5.16-v4,7240686c-d790-463d-bad2-c969fc65885e,runtime,39,completed
,8570816c-564c-4057-b1f4-a638773a15cd,1,other:errored,1789379337,1789378654,ipnext/avocado-5.16-v4,7240686c-d790-463d-bad2-c969fc65885e,runtime,40,errored
,b096bbd6-764f-48d3-8992-8a271581e24c,1,other:errored,1789379337,1789378702,ipnext/avocado-5.16-v4,7240686c-d790-463d-bad2-c969fc65885e,runtime,41,errored
,6a2585ad-a8d1-491d-8885-7ba30f590e37,1,genuine,1789380494,1789378762,ipnext/avocado-5.16-v4,7240686c-d790-463d-bad2-c969fc65885e,runtime,42,completed
,95f9edef-56c4-4116-a505-6fd488ff3117,1,other:errored,1789379337,1789378841,ipnext/avocado-5.16-v4,7240686c-d790-463d-bad2-c969fc65885e,runtime,43,errored
,9b5fe430-892d-4aa2-b3d5-8d65ea447c0b,2,other:errored,1789379337,1789378841,ipnext/avocado-5.16-v4,89580d46-9485-4aa5-898d-8053d3718bb7,runtime,44,errored
,85ec1787-a406-4a64-b651-a29fdf017d2d,2,genuine,1789378956,1789378922,ipnext/avocado-5.16-v4,6a2585ad-a8d1-491d-8885-7ba30f590e37,runtime,45,completed
,37f6452b-d167-44e2-bac4-5cb0a5c37989,2,genuine,1789378964,1789378922,ipnext/avocado-5.16-v4,6a2585ad-a8d1-491d-8885-7ba30f590e37,runtime,46,completed
,3c16e2a3-14e0-40d8-ba0e-a14024ae8601,1,other:errored,1789379338,1789378936,ipnext/avocado-5.16-v4,7240686c-d790-463d-bad2-c969fc65885e,runtime,47,errored
,44605af1-e70d-4a04-9784-346d9ccfb535,1,other:errored,1789379338,1789378949,ipnext/avocado-5.16-v4,f99a2d06-767f-4e10-b3ce-6fb72bbd92d0,runtime,48,errored
,b95fb0b8-8436-42d9-9344-a527c0e0b315,1,other:errored,1789379338,1789378975,ipnext/avocado-5.16-v4,58246538-8068-45cc-80bd-3837e3558cbd,runtime,49,errored
,c51c0f55-93d3-43f4-b342-194e5f4f66fb,1,genuine,1789385946,1789378975,ipnext/avocado-5.16-v4,58246538-8068-45cc-80bd-3837e3558cbd,runtime,50,completed
,69ff14ad-ce8d-4c27-b392-d71be3589d0a,1,genuine,1789379675,1789379011,ipnext/avocado-5.16-v4,f99a2d06-767f-4e10-b3ce-6fb72bbd92d0,runtime,51,completed
,a16b4ac3-0745-4242-bbda-b2606f0a01b2,1,other:errored,1789379338,1789379110,ipnext/avocado-5.16-v4,7240686c-d790-463d-bad2-c969fc65885e,runtime,52,errored
,1a59ca9e-aea1-440d-93ff-9d6147cde672,1,other:errored,1789379338,1789379142,ipnext/avocado-5.16-v4,7240686c-d790-463d-bad2-c969fc65885e,runtime,53,errored
,94bd5722-bc65-4d3e-af06-cba8bd04ceca,1,other:errored,1789379338,1789379144,ipnext/avocado-5.16-v4,f99a2d06-767f-4e10-b3ce-6fb72bbd92d0,runtime,54,errored
,a65e4536-a14e-4bff-b9de-79ff4161618c,1,other:errored,1789379339,1789379145,ipnext/avocado-5.16-v4,f99a2d06-767f-4e10-b3ce-6fb72bbd92d0,runtime,55,errored
,da2e92a3-66ac-4881-acd0-c5f66537f451,1,genuine,1789379672,1789379345,ipnext/avocado-5.16-v4,f99a2d06-767f-4e10-b3ce-6fb72bbd92d0,runtime,56,completed
,1135b7a9-1128-4554-9fe3-3adc46ba870e,1,genuine,1789379692,1789379349,ipnext/avocado-5.16-v4,f99a2d06-767f-4e10-b3ce-6fb72bbd92d0,runtime,57,completed
,420ab045-ac53-44c3-82c8-48b5be21bba7,1,genuine,1789380046,1789379351,ipnext/avocado-5.16-v4,f99a2d06-767f-4e10-b3ce-6fb72bbd92d0,runtime,58,completed
,829fd2dc-259e-46e0-abf7-1dd719357043,1,genuine,1789380553,1789379359,ipnext/avocado-5.16-v4,58246538-8068-45cc-80bd-3837e3558cbd,runtime,59,completed
,d75cc8ab-9154-4369-97bf-62246b89df49,1,genuine,1789383958,1789379401,ipnext/avocado-5.16-v4,7240686c-d790-463d-bad2-c969fc65885e,runtime,60,completed
,aa7c0ce7-e7ea-446c-adc7-1e28e57bad91,1,genuine,1789382761,1789379401,ipnext/avocado-5.16-v4,7240686c-d790-463d-bad2-c969fc65885e,runtime,61,completed
,0f2c24d9-83c7-4186-a4f5-849ceeaa4c83,1,genuine,1789379418,1789379401,ipnext/avocado-5.16-v4,7240686c-d790-463d-bad2-c969fc65885e,runtime,62,completed
,b38843ae-c45f-4c9f-bd97-8c74d934df5a,1,genuine,1789381532,1789379401,ipnext/avocado-5.16-v4,7240686c-d790-463d-bad2-c969fc65885e,runtime,63,completed
,0a5d2dd2-4fbc-488e-9c7c-878ef65374a5,1,genuine,1789380426,1789379401,ipnext/avocado-5.16-v4,7240686c-d790-463d-bad2-c969fc65885e,runtime,64,completed
,2b24e61b-e6e5-4612-8986-03c57ce39e8c,1,genuine,1789381365,1789379401,ipnext/avocado-5.16-v4,7240686c-d790-463d-bad2-c969fc65885e,runtime,65,completed
,f7e175a6-3d6b-4d04-90ee-e59eda6213f3,1,genuine,1789379863,1789379401,ipnext/avocado-5.16-v4,7240686c-d790-463d-bad2-c969fc65885e,runtime,66,completed
,db807f2e-7c31-46c0-a976-3f4d552b7bc9,2,genuine,1789379510,1789379439,ipnext/avocado-5.16-v4,89580d46-9485-4aa5-898d-8053d3718bb7,runtime,67,completed
,199ffa4d-f14a-49ae-8dce-d075d031325c,2,genuine,1789379983,1789379558,ipnext/avocado-5.16-v4,6a2585ad-a8d1-491d-8885-7ba30f590e37,runtime,68,completed
,e1038e98-a691-4e75-b138-ea4c95b598a0,2,genuine,1789385199,1789379668,ipnext/avocado-5.16-v4,c51c0f55-93d3-43f4-b342-194e5f4f66fb,runtime,69,completed
,7a5e56bf-d9e2-4e1a-b14b-e88ea74f246b,1,genuine,1789380334,1789379790,ipnext/avocado-5.16-v4,58246538-8068-45cc-80bd-3837e3558cbd,runtime,70,completed
,037e7db5-0dcd-4ccd-a5f7-42bece79b636,2,genuine,1789379995,1789379961,ipnext/avocado-5.16-v4,0a5d2dd2-4fbc-488e-9c7c-878ef65374a5,runtime,71,completed
,0c73ef25-6a66-4046-8b99-f97c4fdd9ca4,2,genuine,1789380041,1789379994,ipnext/avocado-5.16-v4,6a2585ad-a8d1-491d-8885-7ba30f590e37,runtime,72,completed
,7f2e4298-f9a6-42fc-a3af-e5a98f0ad120,2,genuine,1789380352,1789379994,ipnext/avocado-5.16-v4,6a2585ad-a8d1-491d-8885-7ba30f590e37,runtime,73,completed
,b0cd8cad-6aa2-44b4-b79b-822543b066f8,1,genuine,1789383972,1789380436,ipnext/avocado-5.16-v4,58246538-8068-45cc-80bd-3837e3558cbd,runtime,74,completed
,e05c30cc-9ea6-4735-a679-7c2064dac185,1,genuine,1789383916,1789380679,ipnext/avocado-5.16-v4,f99a2d06-767f-4e10-b3ce-6fb72bbd92d0,runtime,75,completed
,592669cd-9194-442f-a73f-6c5220e7f9de,1,genuine,1789381032,1789380849,ipnext/avocado-5.16-v4,7240686c-d790-463d-bad2-c969fc65885e,runtime,76,completed
,9c663c5b-cd5f-49ae-a6d7-10f536229146,2,genuine,1789381166,1789381006,ipnext/avocado-5.16-v4,b38843ae-c45f-4c9f-bd97-8c74d934df5a,runtime,77,completed
,744a3240-4b99-49c2-a33d-3814d2c3fe07,1,genuine,1789381277,1789381020,ipnext/avocado-5.16-v4,f99a2d06-767f-4e10-b3ce-6fb72bbd92d0,runtime,78,completed
,b747b511-05fe-4dcc-b531-b5eda14eab18,1,genuine,1789382397,1789381044,ipnext/avocado-5.16-v4,7240686c-d790-463d-bad2-c969fc65885e,runtime,79,completed
,0a201722-390e-4619-aed6-5ffbbb4341fc,1,genuine,1789381572,1789381070,ipnext/avocado-5.16-v4,f99a2d06-767f-4e10-b3ce-6fb72bbd92d0,runtime,80,completed
,a27502a9-f3cd-4e46-94e0-498ac1d6cd1b,1,genuine,1789382761,1789381351,ipnext/avocado-5.16-v4,7240686c-d790-463d-bad2-c969fc65885e,runtime,81,completed
,4f5f081d-779e-4101-b33b-5e218d1b8869,1,genuine,1789381842,1789381502,ipnext/avocado-5.16-v4,7240686c-d790-463d-bad2-c969fc65885e,runtime,82,completed
,d8b4b3b5-c74c-4102-a254-7de343b3525c,1,genuine,1789383790,1789381668,ipnext/avocado-5.16-v4,f99a2d06-767f-4e10-b3ce-6fb72bbd92d0,runtime,83,completed
,24ea8893-92f6-4aab-940c-1c7f8a489ae8,1,genuine,1789382947,1789382097,ipnext/avocado-5.16-v4,7240686c-d790-463d-bad2-c969fc65885e,runtime,84,completed
,86ac3459-2b57-4811-a2f6-a75faab370a1,1,genuine,1789382761,1789382097,ipnext/avocado-5.16-v4,7240686c-d790-463d-bad2-c969fc65885e,runtime,85,completed
,2995d204-ef4a-4c28-8a17-f104933dcc2f,2,genuine,1789383524,1789382370,ipnext/avocado-5.16-v4,d75cc8ab-9154-4369-97bf-62246b89df49,runtime,86,completed
,ffdec615-78e3-4e6b-a744-c3e5ac285f8d,2,genuine,1789382430,1789382413,ipnext/avocado-5.16-v4,b0cd8cad-6aa2-44b4-b79b-822543b066f8,runtime,87,completed
,ef97b3f7-994f-433b-b066-2a2022c6c32d,2,genuine,1789382749,1789382434,ipnext/avocado-5.16-v4,b0cd8cad-6aa2-44b4-b79b-822543b066f8,runtime,88,completed
deep_research,0b1655f2-27d5-4241-8048-1ca8102b4cab,1,genuine,1789382598,1789382459,ipnext/avocado-5.16-v4,f99a2d06-767f-4e10-b3ce-6fb72bbd92d0,runtime,89,completed
,e863ee51-943d-4d5c-a5bc-7c4eb794a34d,1,genuine,1789382768,1789382610,ipnext/avocado-5.16-v4,7240686c-d790-463d-bad2-c969fc65885e,runtime,90,completed
,d420672c-0043-40df-8600-1b37e4018c95,1,genuine,1789383915,1789382610,ipnext/avocado-5.16-v4,7240686c-d790-463d-bad2-c969fc65885e,runtime,91,completed
,c7a7021e-97bf-4790-adea-75125327e00e,1,genuine,1789384024,1789382786,ipnext/avocado-5.16-v4,7240686c-d790-463d-bad2-c969fc65885e,runtime,92,completed
,27b67948-bdd4-4638-943e-a067eba491d7,1,genuine,1789383494,1789383386,ipnext/avocado-5.16-v4,7240686c-d790-463d-bad2-c969fc65885e,runtime,93,completed
,0b96d56f-a88e-4126-ba6d-fd8852a2cead,1,genuine,1789383647,1789383556,ipnext/avocado-5.16-v4,7240686c-d790-463d-bad2-c969fc65885e,runtime,94,completed
,7242b88d-c204-4b87-97e6-8e2bcdcce031,1,genuine,1789384126,1789383711,ipnext/avocado-5.16-v4,7240686c-d790-463d-bad2-c969fc65885e,runtime,95,completed
,13bd458b-fd73-4ade-bb27-108751f400c4,1,genuine,1789386402,1789383711,ipnext/avocado-5.16-v4,7240686c-d790-463d-bad2-c969fc65885e,runtime,96,completed
,a84d8a57-bffe-4ebe-92ee-4f232221ace8,2,genuine,1789384321,1789383823,ipnext/avocado-5.16-v4,13bd458b-fd73-4ade-bb27-108751f400c4,runtime,97,completed
,8c38c6e0-0960-45f9-b8af-1d708039c60b,2,genuine,1789384210,1789383823,ipnext/avocado-5.16-v4,13bd458b-fd73-4ade-bb27-108751f400c4,runtime,98,completed
,f273d6e1-207c-422b-aecd-c06549194155,2,genuine,1789384178,1789383823,ipnext/avocado-5.16-v4,13bd458b-fd73-4ade-bb27-108751f400c4,runtime,99,completed
,3067f0ad-b9e7-4d14-b76c-f964a688ea53,2,genuine,1789384196,1789383823,ipnext/avocado-5.16-v4,13bd458b-fd73-4ade-bb27-108751f400c4,runtime,100,completed
,f098b164-8826-431e-b697-904c8d06fc97,2,genuine,1789384144,1789383823,ipnext/avocado-5.16-v4,13bd458b-fd73-4ade-bb27-108751f400c4,runtime,101,completed
,8db6fdef-807e-4e35-b3e1-dcb9aa5e4c28,2,genuine,1789384035,1789383823,ipnext/avocado-5.16-v4,13bd458b-fd73-4ade-bb27-108751f400c4,runtime,102,completed
,93a22a93-5d8c-4fbc-8a46-18a3ff255f98,2,genuine,1789383983,1789383823,ipnext/avocado-5.16-v4,13bd458b-fd73-4ade-bb27-108751f400c4,runtime,103,completed
,72ad4a34-4d69-4c62-a389-78c49e22ca08,1,genuine,1789384382,1789384029,ipnext/avocado-5.16-v4,7240686c-d790-463d-bad2-c969fc65885e,runtime,104,completed
,f23099dd-ba67-4a43-b06e-fb71549ac8e4,1,genuine,1789384271,1789384046,ipnext/avocado-5.16-v4,7240686c-d790-463d-bad2-c969fc65885e,runtime,105,completed
,1a198f7e-047a-4e9b-8195-ed3cdf793d6c,1,genuine,1789384629,1789384074,ipnext/avocado-5.16-v4,7240686c-d790-463d-bad2-c969fc65885e,runtime,106,completed
,3d59d41d-6544-4187-aecc-5d42a5e99d0f,2,genuine,1789385137,1789384328,ipnext/avocado-5.16-v4,13bd458b-fd73-4ade-bb27-108751f400c4,runtime,107,completed
,1e373b69-6f34-4d50-aa29-abfd117474f9,2,genuine,1789384409,1789384328,ipnext/avocado-5.16-v4,13bd458b-fd73-4ade-bb27-108751f400c4,runtime,108,completed
,f9c29c1c-6d81-4c8f-82a0-7a7910b8524c,2,genuine,1789384480,1789384328,ipnext/avocado-5.16-v4,13bd458b-fd73-4ade-bb27-108751f400c4,runtime,109,completed
,b74dd8e0-70e1-487e-9307-83725583188c,2,genuine,1789384466,1789384328,ipnext/avocado-5.16-v4,13bd458b-fd73-4ade-bb27-108751f400c4,runtime,110,completed
,db5e3a91-06fc-4e9b-be41-6ce681196454,2,genuine,1789384476,1789384328,ipnext/avocado-5.16-v4,13bd458b-fd73-4ade-bb27-108751f400c4,runtime,111,completed
,6cabe3bf-b53d-4049-875f-cec776ee639a,2,genuine,1789384383,1789384328,ipnext/avocado-5.16-v4,13bd458b-fd73-4ade-bb27-108751f400c4,runtime,112,completed
,c8c89cd1-49de-453f-84d1-e81b891b103d,1,genuine,1789384795,1789384414,ipnext/avocado-5.16-v4,7240686c-d790-463d-bad2-c969fc65885e,runtime,113,completed
,aca8e40d-2e76-4727-841c-29be58ea9c9e,1,genuine,1789385104,1789384450,ipnext/avocado-5.16-v4,58246538-8068-45cc-80bd-3837e3558cbd,runtime,114,completed
,99794d51-c386-47c3-965c-6769861df3b3,1,genuine,1789385708,1789384799,ipnext/avocado-5.16-v4,7240686c-d790-463d-bad2-c969fc65885e,runtime,115,completed
,0d5a1320-eb0b-4645-9152-a8baaaba2e42,1,genuine,1789385209,1789385111,ipnext/avocado-5.16-v4,7240686c-d790-463d-bad2-c969fc65885e,runtime,116,completed
,6b208402-0473-4879-a6c2-cf858ce8fcff,1,genuine,1789409603,1789407812,ipnext/avocado-5.16-v4,f99a2d06-767f-4e10-b3ce-6fb72bbd92d0,runtime,117,completed
,8c0afc87-73e8-42bb-b72b-6421edfcc5c6,1,genuine,1789407987,1789407868,ipnext/avocado-5.16-v4,7240686c-d790-463d-bad2-c969fc65885e,runtime,118,completed
,72e908a9-d74c-4d04-94a7-973f8064d433,1,genuine,1789408009,1789407868,ipnext/avocado-5.16-v4,7240686c-d790-463d-bad2-c969fc65885e,runtime,119,completed
,7593d985-463c-4992-84e0-fc0d120e9194,1,genuine,1789408023,1789407868,ipnext/avocado-5.16-v4,7240686c-d790-463d-bad2-c969fc65885e,runtime,120,completed
,dc7fe4df-71b1-4c07-a9c8-cbc7fb48326b,1,genuine,1789408050,1789407868,ipnext/avocado-5.16-v4,7240686c-d790-463d-bad2-c969fc65885e,runtime,121,completed
,4128ae58-af43-4ba2-ad45-083af8602e87,1,genuine,1789408063,1789407868,ipnext/avocado-5.16-v4,7240686c-d790-463d-bad2-c969fc65885e,runtime,122,completed
,68c935ff-69df-46e2-b906-3f4eacdeaa10,1,genuine,1789408152,1789407868,ipnext/avocado-5.16-v4,7240686c-d790-463d-bad2-c969fc65885e,runtime,123,completed
,972bdaf8-b6e4-4dd0-84e2-4e023f3b5c66,1,genuine,1789408236,1789407868,ipnext/avocado-5.16-v4,7240686c-d790-463d-bad2-c969fc65885e,runtime,124,completed
,9ef17a17-f153-4eb5-ad78-b60732da03d6,1,genuine,1789408160,1789407868,ipnext/avocado-5.16-v4,7240686c-d790-463d-bad2-c969fc65885e,runtime,125,completed
,ba3e0e4f-9737-415f-9996-45f8cd4c011b,1,genuine,1789407986,1789407868,ipnext/avocado-5.16-v4,7240686c-d790-463d-bad2-c969fc65885e,runtime,126,completed
,af2023bb-e953-4690-bb65-7aed84f0ef58,1,genuine,1789408058,1789407868,ipnext/avocado-5.16-v4,7240686c-d790-463d-bad2-c969fc65885e,runtime,127,completed
,76484f90-9bea-486c-b6be-8cd462e20ff2,1,genuine,1789408029,1789407868,ipnext/avocado-5.16-v4,7240686c-d790-463d-bad2-c969fc65885e,runtime,128,completed
,240fd0c5-c3dc-413a-878d-f6d776e87b70,1,genuine,1789408001,1789407868,ipnext/avocado-5.16-v4,7240686c-d790-463d-bad2-c969fc65885e,runtime,129,completed
,dc3dd8b1-78ef-454e-bb9f-550ed4767b75,1,genuine,1789408024,1789407868,ipnext/avocado-5.16-v4,7240686c-d790-463d-bad2-c969fc65885e,runtime,130,completed
,2ade4a3e-3fac-497f-9f85-25eaea56ed6e,1,genuine,1789407965,1789407868,ipnext/avocado-5.16-v4,7240686c-d790-463d-bad2-c969fc65885e,runtime,131,completed
,4738ebcf-3688-438c-80b8-58b0c873a8d1,1,genuine,1789407953,1789407868,ipnext/avocado-5.16-v4,7240686c-d790-463d-bad2-c969fc65885e,runtime,132,completed
,10341fe9-2c2e-41c6-9cb0-5b649f4cdc64,1,genuine,1789408001,1789407868,ipnext/avocado-5.16-v4,7240686c-d790-463d-bad2-c969fc65885e,runtime,133,completed
,e6908181-32b0-43a2-b34b-cef2cc0c8295,1,genuine,1789408023,1789407868,ipnext/avocado-5.16-v4,7240686c-d790-463d-bad2-c969fc65885e,runtime,134,completed
,8c1d4aa5-08ad-47cb-8520-9a9e4059e9f7,1,genuine,1789408003,1789407868,ipnext/avocado-5.16-v4,7240686c-d790-463d-bad2-c969fc65885e,runtime,135,completed
,32892560-314d-4a84-bfa6-c67c468daa91,1,genuine,1789408077,1789407903,ipnext/avocado-5.16-v4,7240686c-d790-463d-bad2-c969fc65885e,runtime,136,completed
,11c57cea-e10d-4622-8516-e0a706611f5f,1,genuine,1789414853,1789407907,ipnext/avocado-5.16-v4,58246538-8068-45cc-80bd-3837e3558cbd,runtime,137,completed
,e35808da-a709-4815-a149-f3d1ddccd704,1,genuine,1789408331,1789407908,ipnext/avocado-5.16-v4,7240686c-d790-463d-bad2-c969fc65885e,runtime,138,completed
,d9e33041-b985-4cd7-b6ce-486884c646bd,1,genuine,1789408245,1789408050,ipnext/avocado-5.16-v4,7240686c-d790-463d-bad2-c969fc65885e,runtime,139,completed
,4555daff-225d-48ee-98a7-959d8dd4494b,1,genuine,1789408299,1789408050,ipnext/avocado-5.16-v4,7240686c-d790-463d-bad2-c969fc65885e,runtime,140,completed
,545fa92d-e7b3-4ec0-87b5-db72072651a1,1,genuine,1789408423,1789408051,ipnext/avocado-5.16-v4,7240686c-d790-463d-bad2-c969fc65885e,runtime,141,completed
,820b5651-0a9d-404e-a0bf-1e8d6ce278ca,1,genuine,1789408393,1789408051,ipnext/avocado-5.16-v4,7240686c-d790-463d-bad2-c969fc65885e,runtime,142,completed
,c707c09a-8566-422e-8150-dadf7b0f53eb,1,genuine,1789408288,1789408051,ipnext/avocado-5.16-v4,7240686c-d790-463d-bad2-c969fc65885e,runtime,143,completed
,8bc8f829-e226-43ee-949d-4b66abc46b56,1,genuine,1789408219,1789408051,ipnext/avocado-5.16-v4,7240686c-d790-463d-bad2-c969fc65885e,runtime,144,completed
,8309d4ea-fd90-4573-93dc-73da8b8d2f9a,1,genuine,1789408503,1789408071,ipnext/avocado-5.16-v4,7240686c-d790-463d-bad2-c969fc65885e,runtime,145,completed
,8282c22f-5413-42c8-9a47-bce3191dcd07,1,genuine,1789408599,1789408080,ipnext/avocado-5.16-v4,7240686c-d790-463d-bad2-c969fc65885e,runtime,146,completed
,b31d0fa8-11c0-4120-97db-a2e116466b0f,1,genuine,1789408437,1789408084,ipnext/avocado-5.16-v4,7240686c-d790-463d-bad2-c969fc65885e,runtime,147,completed
,a65eb160-2a28-4fc8-9e7b-c17e42093f74,1,genuine,1789408250,1789408094,ipnext/avocado-5.16-v4,7240686c-d790-463d-bad2-c969fc65885e,runtime,148,completed
,d2c778c2-0de1-4837-9452-4ce6d2fbbece,1,genuine,1789408347,1789408102,ipnext/avocado-5.16-v4,7240686c-d790-463d-bad2-c969fc65885e,runtime,149,completed
,6d2d5efc-c7da-49b3-8abc-00881ec83090,1,genuine,1789408837,1789408111,ipnext/avocado-5.16-v4,7240686c-d790-463d-bad2-c969fc65885e,runtime,150,completed
,7d875709-91c5-4ef3-a2c7-b3572328e02c,1,genuine,1789409225,1789408120,ipnext/avocado-5.16-v4,7240686c-d790-463d-bad2-c969fc65885e,runtime,151,completed
,272aaafc-265c-4d6b-91f1-c918beab70b7,1,genuine,1789409217,1789408133,ipnext/avocado-5.16-v4,7240686c-d790-463d-bad2-c969fc65885e,runtime,152,completed
,ddf53c77-c5f6-4519-9fc0-f412905c333a,1,genuine,1789408649,1789408139,ipnext/avocado-5.16-v4,7240686c-d790-463d-bad2-c969fc65885e,runtime,153,completed
,61cd11df-024a-4cf7-b494-7aa83c9106ae,1,genuine,1789408399,1789408144,ipnext/avocado-5.16-v4,7240686c-d790-463d-bad2-c969fc65885e,runtime,154,completed
,d2b16b47-2e0b-4a25-bdd5-e8ef81f1c8e9,1,genuine,1789410040,1789408154,ipnext/avocado-5.16-v4,7240686c-d790-463d-bad2-c969fc65885e,runtime,155,completed
,7d6a4a4d-ec86-4a0a-b74f-186b985910ce,1,genuine,1789408894,1789408164,ipnext/avocado-5.16-v4,7240686c-d790-463d-bad2-c969fc65885e,runtime,156,completed
,1e7b81e5-1a6c-4a78-a6a0-64b0cc7d0002,2,genuine,1789410621,1789408249,ipnext/avocado-5.16-v4,11c57cea-e10d-4622-8516-e0a706611f5f,runtime,157,completed
,60cdb058-2e54-44e5-ac03-ca78d87231e7,2,genuine,1789408294,1789408249,ipnext/avocado-5.16-v4,11c57cea-e10d-4622-8516-e0a706611f5f,runtime,158,completed
,298e4760-6348-4a8b-8594-68e73494a8b6,1,genuine,1789408635,1789408253,ipnext/avocado-5.16-v4,7240686c-d790-463d-bad2-c969fc65885e,runtime,159,completed
,3b05fd34-1b72-48e8-8a85-1972326fd7c2,1,genuine,1789408453,1789408333,ipnext/avocado-5.16-v4,7240686c-d790-463d-bad2-c969fc65885e,runtime,160,completed
,5cdf2e8a-013b-4e55-877d-56571a740286,1,genuine,1789411846,1789409050,ipnext/avocado-5.16-v4,7240686c-d790-463d-bad2-c969fc65885e,runtime,161,completed
,6f389359-3296-4f12-a52c-9eb283e87ed6,1,genuine,1789409603,1789409228,ipnext/avocado-5.16-v4,7240686c-d790-463d-bad2-c969fc65885e,runtime,162,completed
,196cb509-94a3-408c-babf-8b38885e1689,2,genuine,1789409473,1789409317,ipnext/avocado-5.16-v4,d2b16b47-2e0b-4a25-bdd5-e8ef81f1c8e9,runtime,163,completed
,7deeb337-f894-4755-ae90-5877ff1cb882,1,genuine,1789411162,1789409357,ipnext/avocado-5.16-v4,7240686c-d790-463d-bad2-c969fc65885e,runtime,164,completed
,050ab69f-b8fe-4d16-9f84-57d1a122a4fc,2,genuine,1789409581,1789409483,ipnext/avocado-5.16-v4,d2b16b47-2e0b-4a25-bdd5-e8ef81f1c8e9,runtime,165,completed
,db25e774-f069-4aee-a87c-8487ebe75ed7,1,genuine,1789409584,1789409487,ipnext/avocado-5.16-v4,7240686c-d790-463d-bad2-c969fc65885e,runtime,166,completed
,0d6b2def-201a-4147-88af-16ed69c4f409,1,genuine,1789409558,1789409487,ipnext/avocado-5.16-v4,7240686c-d790-463d-bad2-c969fc65885e,runtime,167,completed
,0798f028-3ce2-4f6d-8ed8-c2b87fab130a,1,genuine,1789409719,1789409526,ipnext/avocado-5.16-v4,7240686c-d790-463d-bad2-c969fc65885e,runtime,168,completed
,3cf967b6-3e9e-4bd6-8005-62da7a56b2d8,1,genuine,1789420503,1789409563,ipnext/avocado-5.16-v4,7240686c-d790-463d-bad2-c969fc65885e,runtime,169,completed
,629c9d2e-dd56-4f58-86df-7d6908fccc1b,1,genuine,1789415391,1789409587,ipnext/avocado-5.16-v4,7240686c-d790-463d-bad2-c969fc65885e,runtime,170,completed
,a2359cbe-c787-43e7-9e12-3e02ba71a968,1,genuine,1789409857,1789409723,ipnext/avocado-5.16-v4,7240686c-d790-463d-bad2-c969fc65885e,runtime,171,completed
,3dd1c084-e84b-4b5d-b7e9-d72509e36461,1,genuine,1789409961,1789409861,ipnext/avocado-5.16-v4,7240686c-d790-463d-bad2-c969fc65885e,runtime,172,completed
,44b7d44f-796b-4a58-b005-528fac5018d5,1,genuine,1789412270,1789410095,ipnext/avocado-5.16-v4,7240686c-d790-463d-bad2-c969fc65885e,runtime,173,completed
,47b1dfbe-23ea-45fc-8d2a-05ccd6d664a3,1,genuine,1789413847,1789410131,ipnext/avocado-5.16-v4,f99a2d06-767f-4e10-b3ce-6fb72bbd92d0,runtime,174,completed
,3a9d1972-f82a-476e-94af-c60000212c08,1,genuine,1789411995,1789410273,ipnext/avocado-5.16-v4,58246538-8068-45cc-80bd-3837e3558cbd,runtime,175,completed
,46cd9df5-9703-41e4-9e8e-f647c52056e6,2,genuine,1789411640,1789410283,ipnext/avocado-5.16-v4,3a9d1972-f82a-476e-94af-c60000212c08,runtime,176,completed
,819d89b0-8a85-4271-80eb-e6f64a7e59bb,1,genuine,1789411331,1789410309,ipnext/avocado-5.16-v4,7240686c-d790-463d-bad2-c969fc65885e,runtime,177,completed
,227de461-5bfa-408c-91d3-cf68524eabb7,1,genuine,1789413231,1789410895,ipnext/avocado-5.16-v4,58246538-8068-45cc-80bd-3837e3558cbd,runtime,178,completed
,06a167dc-3ec3-4629-91c4-af03593b839c,1,genuine,1789411614,1789411150,ipnext/avocado-5.16-v4,7240686c-d790-463d-bad2-c969fc65885e,runtime,179,completed
,aa218106-acc5-499f-bb9f-b9825be07269,1,genuine,1789414631,1789411496,ipnext/avocado-5.16-v4,f99a2d06-767f-4e10-b3ce-6fb72bbd92d0,runtime,180,completed
,6569a329-c457-4a5d-9fb8-36f66f79211a,1,genuine,1789414578,1789411659,ipnext/avocado-5.16-v4,7240686c-d790-463d-bad2-c969fc65885e,runtime,181,completed
,2b57f1b3-4d07-4201-9b94-dc09382bf019,1,genuine,1789412450,1789412074,ipnext/avocado-5.16-v4,58246538-8068-45cc-80bd-3837e3558cbd,runtime,182,completed
,82d1c137-0947-446f-a97f-0b9cec075347,1,genuine,1789412709,1789412463,ipnext/avocado-5.16-v4,58246538-8068-45cc-80bd-3837e3558cbd,runtime,183,completed
,796485e5-7680-443e-a2cc-33c9a1782a48,1,genuine,1789413047,1789412560,ipnext/avocado-5.16-v4,58246538-8068-45cc-80bd-3837e3558cbd,runtime,184,completed
,71511164-1bf4-4747-a92c-e3bb8567126d,1,genuine,1789413940,1789412725,ipnext/avocado-5.16-v4,7240686c-d790-463d-bad2-c969fc65885e,runtime,185,completed
,9acc79c4-bef4-4aeb-a9a8-1956da13ce7e,1,genuine,1789413336,1789412769,ipnext/avocado-5.16-v4,7240686c-d790-463d-bad2-c969fc65885e,runtime,186,completed
,5f0437de-6f08-46b3-a5bc-3c309c6a48a9,1,genuine,1789413039,1789412814,ipnext/avocado-5.16-v4,58246538-8068-45cc-80bd-3837e3558cbd,runtime,187,completed
,9f6261ed-cbaa-4062-afb3-04ffa4071bdf,1,genuine,1789418192,1789412816,ipnext/avocado-5.16-v4,7240686c-d790-463d-bad2-c969fc65885e,runtime,188,completed
,dc4647bd-a9da-460f-8b72-89e6e15c7843,1,genuine,1789414343,1789412990,ipnext/avocado-5.16-v4,58246538-8068-45cc-80bd-3837e3558cbd,runtime,189,completed
,111463f0-a249-4bab-a221-b1a950eb4572,1,genuine,1789415258,1789413073,ipnext/avocado-5.16-v4,58246538-8068-45cc-80bd-3837e3558cbd,runtime,190,completed
,f0bb8609-be52-4614-9e8c-469e534aace7,1,genuine,1789414060,1789413135,ipnext/avocado-5.16-v4,f99a2d06-767f-4e10-b3ce-6fb72bbd92d0,runtime,191,completed
,0fae75fd-74e9-4405-9301-fa072b382be0,1,genuine,1789414099,1789413294,ipnext/avocado-5.16-v4,58246538-8068-45cc-80bd-3837e3558cbd,runtime,192,completed
,0d861f27-40bf-46fc-9524-6e0caed66e6a,1,genuine,1789416274,1789413385,ipnext/avocado-5.16-v4,58246538-8068-45cc-80bd-3837e3558cbd,runtime,193,completed
,81c32c49-c695-41b5-af98-ef160d8c59bd,1,genuine,1789414086,1789413921,ipnext/avocado-5.16-v4,58246538-8068-45cc-80bd-3837e3558cbd,runtime,194,completed
,024a7c6d-6856-4e14-8013-163a58a0898c,1,genuine,1789414986,1789414263,ipnext/avocado-5.16-v4,f99a2d06-767f-4e10-b3ce-6fb72bbd92d0,runtime,195,completed
,1fe4c01d-f808-4b68-a9f5-f590268476d2,1,genuine,1789416137,1789414263,ipnext/avocado-5.16-v4,f99a2d06-767f-4e10-b3ce-6fb72bbd92d0,runtime,196,completed
,ff71df57-adde-4e1b-b281-9a9baa862dd4,1,genuine,1789418559,1789414352,ipnext/avocado-5.16-v4,7240686c-d790-463d-bad2-c969fc65885e,runtime,197,completed
,1ae39ae9-90c7-49f4-aea4-c4d241a3141e,1,genuine,1789415145,1789414369,ipnext/avocado-5.16-v4,58246538-8068-45cc-80bd-3837e3558cbd,runtime,198,completed
,2c97da67-79ba-4955-86c7-c89bb360bc3e,1,genuine,1789415737,1789414561,ipnext/avocado-5.16-v4,58246538-8068-45cc-80bd-3837e3558cbd,runtime,199,completed
,92b6e7cd-687a-4b3b-ae65-1f06f2c08da8,1,genuine,1789415437,1789414642,ipnext/avocado-5.16-v4,f99a2d06-767f-4e10-b3ce-6fb72bbd92d0,runtime,200,completed
,d2aa5a33-8807-4455-b0f4-cb92570c1539,1,genuine,1789415411,1789414763,ipnext/avocado-5.16-v4,7240686c-d790-463d-bad2-c969fc65885e,runtime,201,completed
,d4852a5e-6488-449c-af28-ac5133ab7c7f,1,genuine,1789414954,1789414845,ipnext/avocado-5.16-v4,67fcb771-d89b-4874-927a-413a429590af,runtime,202,completed
,d23c8a01-800d-469e-be7b-ada8c53560fa,1,genuine,1789417152,1789414849,ipnext/avocado-5.16-v4,f99a2d06-767f-4e10-b3ce-6fb72bbd92d0,runtime,203,completed
,c14f7514-177e-4730-bd6f-0a420b857ce3,1,genuine,1789415119,1789414938,ipnext/avocado-5.16-v4,7240686c-d790-463d-bad2-c969fc65885e,runtime,204,completed
,685687c8-1357-4402-82de-52210975a8d4,1,genuine,1789415488,1789415049,ipnext/avocado-5.16-v4,58246538-8068-45cc-80bd-3837e3558cbd,runtime,205,completed
,376a3e09-1005-4a6f-8d9c-d10c97526889,1,genuine,1789419442,1789415050,ipnext/avocado-5.16-v4,67fcb771-d89b-4874-927a-413a429590af,runtime,206,completed
,99cc38c0-86f0-40e5-b9d8-3eedb288d516,1,genuine,1789416307,1789415554,ipnext/avocado-5.16-v4,58246538-8068-45cc-80bd-3837e3558cbd,runtime,207,completed
,2fe0312e-68e6-4db1-b455-715adadb2e0b,1,genuine,1789417994,1789415748,ipnext/avocado-5.16-v4,58246538-8068-45cc-80bd-3837e3558cbd,runtime,208,completed
,6c2b195d-c9e1-4a4f-9b3b-9109821e2e56,1,genuine,1789416579,1789415814,ipnext/avocado-5.16-v4,f99a2d06-767f-4e10-b3ce-6fb72bbd92d0,runtime,209,completed
,ca22d3e4-2939-42d9-81a7-ad120e0d9f11,1,genuine,1789415944,1789415826,ipnext/avocado-5.16-v4,58246538-8068-45cc-80bd-3837e3558cbd,runtime,210,completed
,3d4fdecc-cd5d-42ac-9deb-2606b2e4b6ef,1,genuine,1789415923,1789415826,ipnext/avocado-5.16-v4,58246538-8068-45cc-80bd-3837e3558cbd,runtime,211,completed
,27386dde-bd14-44b8-9f2e-1e23df0b49a6,1,genuine,1789417887,1789416177,ipnext/avocado-5.16-v4,58246538-8068-45cc-80bd-3837e3558cbd,runtime,212,completed
,0848cb80-bf5e-4809-b38c-12923e1f1d65,1,genuine,1789417031,1789416229,ipnext/avocado-5.16-v4,7240686c-d790-463d-bad2-c969fc65885e,runtime,213,completed
,08451a95-ebb3-42ad-94b3-fcb33a0fd803,1,genuine,1789417097,1789416238,ipnext/avocado-5.16-v4,7240686c-d790-463d-bad2-c969fc65885e,runtime,214,completed
,48c86bf5-5f21-4b1f-bde7-80f5cdb5e288,1,genuine,1789417152,1789416915,ipnext/avocado-5.16-v4,58246538-8068-45cc-80bd-3837e3558cbd,runtime,215,completed
,ee837d85-8ccf-427b-a03f-ca8687560c03,1,genuine,1789418874,1789417133,ipnext/avocado-5.16-v4,58246538-8068-45cc-80bd-3837e3558cbd,runtime,216,completed
,b6c9731b-1fef-46bd-99b2-d30c5b0222a0,1,genuine,1789418771,1789417133,ipnext/avocado-5.16-v4,58246538-8068-45cc-80bd-3837e3558cbd,runtime,217,completed
,89d24d9f-06ea-44ba-8967-dfba07e3e370,1,genuine,1789418643,1789417133,ipnext/avocado-5.16-v4,58246538-8068-45cc-80bd-3837e3558cbd,runtime,218,completed
,de21b76b-894c-4158-9c3e-22524aa89268,1,genuine,1789421514,1789417206,ipnext/avocado-5.16-v4,f99a2d06-767f-4e10-b3ce-6fb72bbd92d0,runtime,219,completed
,6ca656d2-9c6d-429d-a35e-21a755d15512,1,genuine,1789418836,1789417206,ipnext/avocado-5.16-v4,f99a2d06-767f-4e10-b3ce-6fb72bbd92d0,runtime,220,completed
,8bfe1974-f091-40ef-87ad-54fab325418a,1,genuine,1789417371,1789417206,ipnext/avocado-5.16-v4,f99a2d06-767f-4e10-b3ce-6fb72bbd92d0,runtime,221,completed
,5f0727fa-3ab9-4289-801a-1da368af466f,1,genuine,1789418373,1789417206,ipnext/avocado-5.16-v4,f99a2d06-767f-4e10-b3ce-6fb72bbd92d0,runtime,222,completed
,4a4002e8-444a-45ac-9f0e-fa1381766589,1,genuine,1789420816,1789417207,ipnext/avocado-5.16-v4,f99a2d06-767f-4e10-b3ce-6fb72bbd92d0,runtime,223,completed
,5df3f447-482d-406a-ade1-4130684737b0,1,genuine,1789419405,1789417416,ipnext/avocado-5.16-v4,f99a2d06-767f-4e10-b3ce-6fb72bbd92d0,runtime,224,completed
,b556493a-9864-4132-a181-c42715611a39,1,genuine,1789419436,1789417416,ipnext/avocado-5.16-v4,f99a2d06-767f-4e10-b3ce-6fb72bbd92d0,runtime,225,completed
,8f501c09-7779-4850-a641-2c4d083cba74,1,genuine,1789422062,1789417610,ipnext/avocado-5.16-v4,7240686c-d790-463d-bad2-c969fc65885e,runtime,226,completed
,feb9dcaa-e381-499e-8bd6-9aa995602112,1,genuine,1789422499,1789417790,ipnext/avocado-5.16-v4,7240686c-d790-463d-bad2-c969fc65885e,runtime,227,completed
,a067f109-0be4-4064-8439-dbae0a2be833,1,genuine,1789420089,1789419824,ipnext/avocado-5.16-v4,7240686c-d790-463d-bad2-c969fc65885e,runtime,230,completed
,912bf2fe-b71d-4e3d-ace0-a47dfcc8ddf8,1,genuine,1789420347,1789419854,ipnext/avocado-5.16-v4,7240686c-d790-463d-bad2-c969fc65885e,runtime,231,completed
,4ae7871f-bc11-4e0b-a10b-93599dced27f,1,genuine,1789425445,1789424227,ipnext/avocado-5.16-v4,f99a2d06-767f-4e10-b3ce-6fb72bbd92d0,runtime,233,completed
,1c424ba0-18fa-4d43-8409-e872c626f24b,1,genuine,1789424794,1789424227,ipnext/avocado-5.16-v4,f99a2d06-767f-4e10-b3ce-6fb72bbd92d0,runtime,234,completed
,61e3709d-320b-40ce-b7fa-b19ab4c1f834,1,genuine,1789424421,1789424227,ipnext/avocado-5.16-v4,f99a2d06-767f-4e10-b3ce-6fb72bbd92d0,runtime,235,completed
,60ea5501-8465-4521-a7e9-980ffcf544c6,1,genuine,1789425474,1789424227,ipnext/avocado-5.16-v4,f99a2d06-767f-4e10-b3ce-6fb72bbd92d0,runtime,236,completed
,7cd43fa8-ae90-425d-9c1e-08847ffedfc1,1,genuine,1789426744,1789425641,ipnext/avocado-5.16-v4,58246538-8068-45cc-80bd-3837e3558cbd,runtime,237,completed
,da4b0f96-1bc1-46f3-85ba-990195f04133,1,genuine,1789425719,1789425641,ipnext/avocado-5.16-v4,58246538-8068-45cc-80bd-3837e3558cbd,runtime,238,completed
,41d646ed-81fb-473b-8733-c960ba7e63c0,1,genuine,1789425761,1789425642,ipnext/avocado-5.16-v4,58246538-8068-45cc-80bd-3837e3558cbd,runtime,239,completed
,02d84ad4-f83a-48b1-8c3d-896e30108d4b,1,genuine,1789425942,1789425642,ipnext/avocado-5.16-v4,58246538-8068-45cc-80bd-3837e3558cbd,runtime,240,completed
,85cfc49c-f998-4a3c-9147-63346a6ce5b9,1,genuine,1789426134,1789425909,ipnext/avocado-5.16-v4,58246538-8068-45cc-80bd-3837e3558cbd,runtime,241,completed
,06c93259-70ca-4531-bc1c-90b9d1813a50,1,genuine,1789426622,1789426471,ipnext/avocado-5.16-v4,f99a2d06-767f-4e10-b3ce-6fb72bbd92d0,runtime,242,completed
,f653cbfa-da34-4347-ae80-64d4d91ec656,1,genuine,1789426642,1789426597,ipnext/avocado-5.16-v4,f99a2d06-767f-4e10-b3ce-6fb72bbd92d0,runtime,243,completed
,96a20874-fd97-414a-8f8e-36628f10a533,1,genuine,1789428263,1789426701,ipnext/avocado-5.16-v4,f99a2d06-767f-4e10-b3ce-6fb72bbd92d0,runtime,244,completed
,1a1c0690-d927-4813-8f9a-3bf8e251f94d,1,genuine,1789426854,1789426753,ipnext/avocado-5.16-v4,58246538-8068-45cc-80bd-3837e3558cbd,runtime,245,completed
,45dac7d7-c89f-4c91-9d4d-7c7eee4c1162,1,genuine,1789427157,1789427085,ipnext/avocado-5.16-v4,f99a2d06-767f-4e10-b3ce-6fb72bbd92d0,runtime,246,completed
,b3530187-e149-4c7c-8ce9-3ca236ef4232,1,genuine,1789427256,1789427144,ipnext/avocado-5.16-v4,58246538-8068-45cc-80bd-3837e3558cbd,runtime,247,completed
,65fbae91-85bd-4c10-9452-2085a2d70078,2,genuine,1789427199,1789427169,ipnext/avocado-5.16-v4,b3530187-e149-4c7c-8ce9-3ca236ef4232,runtime,248,completed
,3aaeb29e-7acc-449d-a8de-368a8f79e381,2,genuine,1789427223,1789427169,ipnext/avocado-5.16-v4,b3530187-e149-4c7c-8ce9-3ca236ef4232,runtime,249,completed
,da7732f2-2b9b-41ef-9d3f-b54b8d279f8a,2,genuine,1789427219,1789427169,ipnext/avocado-5.16-v4,b3530187-e149-4c7c-8ce9-3ca236ef4232,runtime,250,completed
,6093f0c0-62c1-4f23-b3ef-23404756d381,2,genuine,1789427208,1789427169,ipnext/avocado-5.16-v4,b3530187-e149-4c7c-8ce9-3ca236ef4232,runtime,251,completed
,9ac22e00-0304-421d-b9e1-9b7573fb814f,2,genuine,1789427241,1789427169,ipnext/avocado-5.16-v4,b3530187-e149-4c7c-8ce9-3ca236ef4232,runtime,252,completed
,3f179aee-99be-423f-8c21-d9d904fbc30e,1,genuine,1789427285,1789427210,ipnext/avocado-5.16-v4,f99a2d06-767f-4e10-b3ce-6fb72bbd92d0,runtime,253,completed
browser_task,7644ea51-038f-4265-b827-d354091dd0fe,1,genuine,1789429553,1789429501,ipnext/avocado-5.16-v4,0783c1d6-9cdb-422f-9195-d9ff9d48cdf8,runtime,254,completed
,3d071f2a-f2d8-4701-a8d2-c88020a2101a,1,genuine,1789432747,1789430319,ipnext/avocado-5.16-v4,7240686c-d790-463d-bad2-c969fc65885e,runtime,255,completed
,81199adb-9e74-46fd-b0e0-74a581cb60ac,2,genuine,1789432725,1789430354,ipnext/avocado-5.16-v4,3d071f2a-f2d8-4701-a8d2-c88020a2101a,runtime,256,completed
,0cf35d2b-b71a-4a4a-b04a-e97b10bad3d2,2,genuine,1789432738,1789430354,ipnext/avocado-5.16-v4,3d071f2a-f2d8-4701-a8d2-c88020a2101a,runtime,257,completed
,0f16dd2c-2a3a-4852-88bf-4f68873709dc,2,genuine,1789432738,1789430354,ipnext/avocado-5.16-v4,3d071f2a-f2d8-4701-a8d2-c88020a2101a,runtime,258,completed
,253f01e8-e343-4840-815b-e793a72b0da2,2,genuine,1789432548,1789430354,ipnext/avocado-5.16-v4,3d071f2a-f2d8-4701-a8d2-c88020a2101a,runtime,259,completed
,cef01df5-b040-414a-9c26-f522ff302d7b,1,genuine,1789430723,1789430651,ipnext/avocado-5.16-v4,67fcb771-d89b-4874-927a-413a429590af,runtime,260,completed
,3bfbee82-a94f-4a93-8c37-4a5b3f85810e,1,genuine,1789430977,1789430651,ipnext/avocado-5.16-v4,67fcb771-d89b-4874-927a-413a429590af,runtime,261,completed
,17b00cee-c322-434a-8cb3-726647cdf136,1,genuine,1789430970,1789430651,ipnext/avocado-5.16-v4,67fcb771-d89b-4874-927a-413a429590af,runtime,262,completed
,0c2e1e16-b173-434d-b0a3-ae954c2e4083,1,genuine,1789431042,1789430651,ipnext/avocado-5.16-v4,67fcb771-d89b-4874-927a-413a429590af,runtime,263,completed
,5a33059d-9799-4f11-bc99-c92f0824aa9c,1,genuine,1789430812,1789430651,ipnext/avocado-5.16-v4,67fcb771-d89b-4874-927a-413a429590af,runtime,264,completed
,8bdc8e26-16bd-43fd-8d9b-8d9f179e2aa5,1,genuine,1789433665,1789430709,ipnext/avocado-5.16-v4,f99a2d06-767f-4e10-b3ce-6fb72bbd92d0,runtime,265,completed
,4e49938a-03ce-40b0-bc0c-1eb4627a469d,1,genuine,1789433205,1789430720,ipnext/avocado-5.16-v4,0783c1d6-9cdb-422f-9195-d9ff9d48cdf8,runtime,266,completed
,4ca2d10e-4695-4e6c-90e9-9e4f410c8db8,2,genuine,1789430862,1789430762,ipnext/avocado-5.16-v4,4e49938a-03ce-40b0-bc0c-1eb4627a469d,runtime,267,completed
,ea0937b8-5958-4730-927d-d8ccfbe5f83d,2,genuine,1789432780,1789430762,ipnext/avocado-5.16-v4,4e49938a-03ce-40b0-bc0c-1eb4627a469d,runtime,268,completed
,9cf568fe-6d17-4e29-b03b-c3a92a808e71,2,genuine,1789432856,1789430762,ipnext/avocado-5.16-v4,4e49938a-03ce-40b0-bc0c-1eb4627a469d,runtime,269,completed
,791d5bab-2b7e-411e-b255-1cb06cea932e,2,genuine,1789431266,1789430762,ipnext/avocado-5.16-v4,4e49938a-03ce-40b0-bc0c-1eb4627a469d,runtime,270,completed
,8e10a75f-9e07-427b-84c8-a369025a6db9,2,genuine,1789432307,1789430763,ipnext/avocado-5.16-v4,4e49938a-03ce-40b0-bc0c-1eb4627a469d,runtime,271,completed
,d85c50f3-1a2c-4fb4-b954-d8ff80301a4a,2,genuine,1789431041,1789430764,ipnext/avocado-5.16-v4,4e49938a-03ce-40b0-bc0c-1eb4627a469d,runtime,272,completed
,6f76ad36-de32-43b2-81db-3b4cec48a625,2,genuine,1789431000,1789430769,ipnext/avocado-5.16-v4,8bdc8e26-16bd-43fd-8d9b-8d9f179e2aa5,runtime,273,completed
,a3c50758-4d82-471c-b6a8-2efbe4d12591,2,genuine,1789432570,1789430769,ipnext/avocado-5.16-v4,8bdc8e26-16bd-43fd-8d9b-8d9f179e2aa5,runtime,274,completed
,ffe7264b-9db8-4912-a2cf-b03c65b3a36e,2,genuine,1789433651,1789430769,ipnext/avocado-5.16-v4,8bdc8e26-16bd-43fd-8d9b-8d9f179e2aa5,runtime,275,completed
,61a1416e-12b9-4540-9adb-d8f1bb75c105,2,genuine,1789432432,1789430769,ipnext/avocado-5.16-v4,8bdc8e26-16bd-43fd-8d9b-8d9f179e2aa5,runtime,276,completed
,bc540c39-00ff-44b0-8899-b13be6b93d5f,2,genuine,1789430996,1789430770,ipnext/avocado-5.16-v4,8bdc8e26-16bd-43fd-8d9b-8d9f179e2aa5,runtime,277,completed
,57e70332-2032-42ac-8af5-59af9ed586d6,2,genuine,1789432323,1789430775,ipnext/avocado-5.16-v4,8bdc8e26-16bd-43fd-8d9b-8d9f179e2aa5,runtime,278,completed
,6ad368a7-9b89-4e9d-af58-4ef09e28a5df,1,genuine,1789431246,1789430776,ipnext/avocado-5.16-v4,58246538-8068-45cc-80bd-3837e3558cbd,runtime,279,completed
,d2a1fa62-5989-4c81-9bc5-a0a1860dfc04,1,genuine,1789431741,1789431038,ipnext/avocado-5.16-v4,67fcb771-d89b-4874-927a-413a429590af,runtime,280,completed
,8c8b4cdc-7e38-4601-8b0d-696488faa2c8,2,genuine,1789432243,1789431186,ipnext/avocado-5.16-v4,3d071f2a-f2d8-4701-a8d2-c88020a2101a,runtime,281,completed
,0c23f706-236d-47d4-b0bf-916b6f27a008,1,genuine,1789431880,1789431290,ipnext/avocado-5.16-v4,67fcb771-d89b-4874-927a-413a429590af,runtime,282,completed
,e2630e35-6618-44e7-9592-12dc09a67f54,1,genuine,1789432371,1789431290,ipnext/avocado-5.16-v4,67fcb771-d89b-4874-927a-413a429590af,runtime,283,completed
,7d03664b-feda-4b19-afac-7c38d0f1bf62,1,genuine,1789432738,1789431335,ipnext/avocado-5.16-v4,7240686c-d790-463d-bad2-c969fc65885e,runtime,284,completed
,853b060a-5fe3-40ec-9113-87f60a09b934,2,genuine,1789433196,1789432157,ipnext/avocado-5.16-v4,4e49938a-03ce-40b0-bc0c-1eb4627a469d,runtime,285,completed
,c2372f37-f84b-4937-a26c-330b1fe1c94f,1,genuine,1789432704,1789432438,ipnext/avocado-5.16-v4,7240686c-d790-463d-bad2-c969fc65885e,runtime,286,completed
,aaa79dd0-15ca-46ac-9308-cc7c9524a3c6,2,genuine,1789432738,1789432558,ipnext/avocado-5.16-v4,3d071f2a-f2d8-4701-a8d2-c88020a2101a,runtime,287,completed
,f8019331-0304-47b2-8328-58f1a6ef5861,1,genuine,1789433144,1789433105,ipnext/avocado-5.16-v4,7240686c-d790-463d-bad2-c969fc65885e,runtime,288,completed
,8dc0535e-4b0e-4d3a-bbc1-2c195093e9c1,1,genuine,1789433456,1789433377,ipnext/avocado-5.16-v4,7240686c-d790-463d-bad2-c969fc65885e,runtime,289,completed
,2a50f1c4-979a-4fb2-83b9-133869ae6e35,1,genuine,1789434651,1789434555,ipnext/avocado-5.16-v4,7240686c-d790-463d-bad2-c969fc65885e,runtime,290,completed
,bb4fbe90-e913-40b0-b224-1a6e43508377,1,genuine,1789435041,1789434816,ipnext/avocado-5.16-v4,7240686c-d790-463d-bad2-c969fc65885e,runtime,291,completed
,e8ab91aa-a768-4d48-bf9d-93126c0751da,2,genuine,1789435032,1789434825,ipnext/avocado-5.16-v4,bb4fbe90-e913-40b0-b224-1a6e43508377,runtime,292,completed
,45ee4b11-0c94-42db-bd96-a59581763ba4,2,genuine,1789435011,1789434825,ipnext/avocado-5.16-v4,bb4fbe90-e913-40b0-b224-1a6e43508377,runtime,293,completed
,ac55065f-2b08-4cad-810c-d3c8de301fbc,1,genuine,1789437225,1789435009,ipnext/avocado-5.16-v4,7240686c-d790-463d-bad2-c969fc65885e,runtime,294,completed
,1157e461-ed8a-40f1-a493-1653c319a607,2,genuine,1789435993,1789435015,ipnext/avocado-5.16-v4,ac55065f-2b08-4cad-810c-d3c8de301fbc,runtime,295,completed
,1d5abc9d-826f-4d7d-a1c4-bb57407f7201,2,genuine,1789436652,1789435015,ipnext/avocado-5.16-v4,ac55065f-2b08-4cad-810c-d3c8de301fbc,runtime,296,completed
,435b2505-089a-4cac-829c-c6c90c9ebf85,1,genuine,1789435245,1789435082,ipnext/avocado-5.16-v4,7240686c-d790-463d-bad2-c969fc65885e,runtime,297,completed
,8b3e6e77-f1d3-4150-995b-0709c8182cee,1,genuine,1789435373,1789435345,ipnext/avocado-5.16-v4,7240686c-d790-463d-bad2-c969fc65885e,runtime,298,completed
,5f4e7fad-5c75-43e9-a9fb-94f2e42d5687,1,genuine,1789436218,1789435811,ipnext/avocado-5.16-v4,7240686c-d790-463d-bad2-c969fc65885e,runtime,299,completed
,936a4148-ef1a-44fe-a3bd-3f8be4922f3a,1,genuine,1789435883,1789435840,ipnext/avocado-5.16-v4,7240686c-d790-463d-bad2-c969fc65885e,runtime,300,completed
,93d102f8-a174-4ad1-bfa5-47dd8c9b2b4d,2,genuine,1789437207,1789436006,ipnext/avocado-5.16-v4,ac55065f-2b08-4cad-810c-d3c8de301fbc,runtime,301,completed
,45cf7675-296c-43e3-ae2f-05ea62e20384,1,genuine,1789436175,1789436037,ipnext/avocado-5.16-v4,7240686c-d790-463d-bad2-c969fc65885e,runtime,302,completed
,8d3f135d-ba22-4b8c-98dc-5d16d7139f8c,1,genuine,1789436610,1789436206,ipnext/avocado-5.16-v4,7240686c-d790-463d-bad2-c969fc65885e,runtime,303,completed
,e04804c2-1de6-4e26-9e78-76f039994058,1,genuine,1789436297,1789436266,ipnext/avocado-5.16-v4,7240686c-d790-463d-bad2-c969fc65885e,runtime,304,completed
,0b4272aa-f702-49a8-992f-7084fcbfe02a,1,genuine,1789436310,1789436294,ipnext/avocado-5.16-v4,7240686c-d790-463d-bad2-c969fc65885e,runtime,305,completed
,d4d42fb1-4ed5-434b-a470-fe042ec1df88,1,genuine,1789436511,1789436341,ipnext/avocado-5.16-v4,7240686c-d790-463d-bad2-c969fc65885e,runtime,306,completed
,a9c374e1-23b7-466a-ace8-935441f22dfa,1,genuine,1789436667,1789436387,ipnext/avocado-5.16-v4,7240686c-d790-463d-bad2-c969fc65885e,runtime,307,completed
,dd8cedf7-e482-4ee2-b462-9f3e40590e0e,1,genuine,1789436668,1789436571,ipnext/avocado-5.16-v4,7240686c-d790-463d-bad2-c969fc65885e,runtime,308,completed
,4bd384cf-49a4-43f1-a745-46d1c375a10e,1,genuine,1789436696,1789436581,ipnext/avocado-5.16-v4,7240686c-d790-463d-bad2-c969fc65885e,runtime,309,completed
,238dce58-84ae-492c-8ff1-6c2861237114,1,genuine,1789436657,1789436635,ipnext/avocado-5.16-v4,7240686c-d790-463d-bad2-c969fc65885e,runtime,310,completed
,c3fa2007-62f0-4d55-85c0-9c1dbae9f3cf,1,genuine,1789436909,1789436747,ipnext/avocado-5.16-v4,7240686c-d790-463d-bad2-c969fc65885e,runtime,311,completed
,7db66937-7331-43cd-9a07-7f81d8ff4408,1,genuine,1789440185,1789436997,ipnext/avocado-5.16-v4,7240686c-d790-463d-bad2-c969fc65885e,runtime,312,completed
,86cbad25-e365-4276-9fb0-de54b8da0189,1,genuine,1789437102,1789437060,ipnext/avocado-5.16-v4,7240686c-d790-463d-bad2-c969fc65885e,runtime,313,completed
,5cb4c3b9-7aa2-41f9-ae85-47bcb1c5f42d,1,genuine,1789437840,1789437481,ipnext/avocado-5.16-v4,58246538-8068-45cc-80bd-3837e3558cbd,runtime,314,completed
,7ccc8056-39af-4a1f-9326-994782ac553b,1,genuine,1789437875,1789437817,ipnext/avocado-5.16-v4,58246538-8068-45cc-80bd-3837e3558cbd,runtime,315,completed
,cbaa4c1d-8688-4483-8f72-5aabb845d6a5,1,genuine,1789438086,1789438004,ipnext/avocado-5.16-v4,58246538-8068-45cc-80bd-3837e3558cbd,runtime,316,completed
,39428d71-99c5-4b62-b248-4fa203e950d3,1,genuine,1789439457,1789439119,ipnext/avocado-5.16-v4,7240686c-d790-463d-bad2-c969fc65885e,runtime,317,completed
,17505b63-57f0-4f19-9e23-d8b4df10290c,1,genuine,1789439746,1789439207,ipnext/avocado-5.16-v4,f99a2d06-767f-4e10-b3ce-6fb72bbd92d0,runtime,318,completed
,9f87623a-ae7f-4211-919a-df3a517390f1,1,genuine,1789439494,1789439220,ipnext/avocado-5.16-v4,f99a2d06-767f-4e10-b3ce-6fb72bbd92d0,runtime,319,completed
,1184c81b-45c7-43f6-a9cf-f36bfd3d74cb,1,genuine,1789439924,1789439662,ipnext/avocado-5.16-v4,7240686c-d790-463d-bad2-c969fc65885e,runtime,320,completed
,23f7952e-6438-4a92-b62a-be52ab0dcaf6,2,genuine,1789439868,1789439701,ipnext/avocado-5.16-v4,1184c81b-45c7-43f6-a9cf-f36bfd3d74cb,runtime,321,completed
,86740016-060b-44cb-973b-906673d2969e,2,genuine,1789439850,1789439701,ipnext/avocado-5.16-v4,1184c81b-45c7-43f6-a9cf-f36bfd3d74cb,runtime,322,completed
,fbbb48a1-99c0-46f2-b9d3-428fae7ed1cb,2,genuine,1789439912,1789439857,ipnext/avocado-5.16-v4,1184c81b-45c7-43f6-a9cf-f36bfd3d74cb,runtime,323,completed
,e66009b7-e7f5-44f4-93db-26e81c46a312,1,genuine,1789442059,1789441218,ipnext/avocado-5.16-v4,7240686c-d790-463d-bad2-c969fc65885e,runtime,324,completed
,9d098747-0835-47f7-a277-8b4b6cc06698,1,genuine,1789441689,1789441516,ipnext/avocado-5.16-v4,7240686c-d790-463d-bad2-c969fc65885e,runtime,325,completed
,8a754a1b-7bc7-453b-97f7-fce11823ef7d,1,genuine,1789441880,1789441738,ipnext/avocado-5.16-v4,7240686c-d790-463d-bad2-c969fc65885e,runtime,326,completed
,79191945-ad41-4df0-9ce6-657dff32dcf2,1,genuine,1789442002,1789441831,ipnext/avocado-5.16-v4,7240686c-d790-463d-bad2-c969fc65885e,runtime,327,completed
,0dfa48ab-9fb6-41ed-a5cb-cd8486a1c953,1,genuine,1789442238,1789441901,ipnext/avocado-5.16-v4,7240686c-d790-463d-bad2-c969fc65885e,runtime,328,completed
,1810d8af-b8fc-4569-80c7-1b64018fc756,1,genuine,1789443546,1789442066,ipnext/avocado-5.16-v4,7240686c-d790-463d-bad2-c969fc65885e,runtime,329,completed
,896bf905-c67b-4f27-9953-1b92da015132,1,genuine,1789442398,1789442081,ipnext/avocado-5.16-v4,7240686c-d790-463d-bad2-c969fc65885e,runtime,330,completed
,746631f0-01d1-494d-9bed-dce034530ad7,1,genuine,1789442403,1789442271,ipnext/avocado-5.16-v4,7240686c-d790-463d-bad2-c969fc65885e,runtime,331,completed
,c47e36af-4beb-4e37-a1f3-af76707282f6,1,genuine,1789442775,1789442316,ipnext/avocado-5.16-v4,7240686c-d790-463d-bad2-c969fc65885e,runtime,332,completed
,cda9e346-176e-41f0-87c6-068304109525,1,genuine,1789443186,1789442914,ipnext/avocado-5.16-v4,7240686c-d790-463d-bad2-c969fc65885e,runtime,333,completed
,71d12e17-bb7e-402e-a5fa-a234cb51f649,2,genuine,1789443114,1789442936,ipnext/avocado-5.16-v4,cda9e346-176e-41f0-87c6-068304109525,runtime,334,completed
,149168e8-0fd5-465c-a550-c1cf6bcf7255,2,genuine,1789443018,1789442936,ipnext/avocado-5.16-v4,cda9e346-176e-41f0-87c6-068304109525,runtime,335,completed
,dacc1210-baa5-42c7-a0a2-076b53735686,2,genuine,1789443033,1789442936,ipnext/avocado-5.16-v4,cda9e346-176e-41f0-87c6-068304109525,runtime,336,completed
,2688705d-6056-4a69-ab52-8ad15979abba,1,genuine,1789443489,1789443075,ipnext/avocado-5.16-v4,7240686c-d790-463d-bad2-c969fc65885e,runtime,337,completed
,39cb4b1b-d164-46f6-846a-11433d6dd4be,1,genuine,1789443984,1789443437,ipnext/avocado-5.16-v4,f99a2d06-767f-4e10-b3ce-6fb72bbd92d0,runtime,338,completed
,6168c177-576b-4b08-bf0a-9ab8a5bf6bda,1,genuine,1789443738,1789443574,ipnext/avocado-5.16-v4,f99a2d06-767f-4e10-b3ce-6fb72bbd92d0,runtime,339,completed
,2d41aaae-a6ed-47c2-a26c-55bdabb9e6ae,1,genuine,1789443951,1789443685,ipnext/avocado-5.16-v4,7240686c-d790-463d-bad2-c969fc65885e,runtime,340,completed
,c6d236cc-e710-4b39-b0de-7272cf43bacb,2,genuine,1789443917,1789443711,ipnext/avocado-5.16-v4,2d41aaae-a6ed-47c2-a26c-55bdabb9e6ae,runtime,341,completed
,e0cddd78-eff6-44fc-8788-8e777bd36c05,2,genuine,1789443816,1789443711,ipnext/avocado-5.16-v4,2d41aaae-a6ed-47c2-a26c-55bdabb9e6ae,runtime,342,completed
,6e9760f4-f69f-410a-a609-3faf4c5d03e3,2,genuine,1789443801,1789443711,ipnext/avocado-5.16-v4,2d41aaae-a6ed-47c2-a26c-55bdabb9e6ae,runtime,343,completed
,4daf6cbe-5faf-4d97-92fa-806d5fc3cdd3,1,genuine,1789443976,1789443788,ipnext/avocado-5.16-v4,7240686c-d790-463d-bad2-c969fc65885e,runtime,344,completed
,fa633b5b-dc6b-40eb-95c0-a197420d8053,1,genuine,1789446486,1789443827,ipnext/avocado-5.16-v4,7240686c-d790-463d-bad2-c969fc65885e,runtime,345,completed
,da6d280f-be24-4c5c-b58a-2a6c64470f89,1,genuine,1789444052,1789443848,ipnext/avocado-5.16-v4,7240686c-d790-463d-bad2-c969fc65885e,runtime,346,completed
,aa151142-95bb-4e44-9965-9e98e8fe5c92,1,genuine,1789443978,1789443918,ipnext/avocado-5.16-v4,7240686c-d790-463d-bad2-c969fc65885e,runtime,347,completed
,a7c4b913-4af8-48a6-a403-0fe78c57f35f,1,genuine,1789444549,1789443954,ipnext/avocado-5.16-v4,f99a2d06-767f-4e10-b3ce-6fb72bbd92d0,runtime,348,completed
,6ac11fae-6576-4e19-8cf3-03ce74d2bae6,1,genuine,1789444988,1789444070,ipnext/avocado-5.16-v4,f99a2d06-767f-4e10-b3ce-6fb72bbd92d0,runtime,349,completed
,f6405626-84cf-4e7b-8f84-e0c98a2071e0,1,genuine,1789446223,1789444070,ipnext/avocado-5.16-v4,f99a2d06-767f-4e10-b3ce-6fb72bbd92d0,runtime,350,completed
,ae250498-3692-408a-9bcb-12f040e65f4b,1,genuine,1789447736,1789444078,ipnext/avocado-5.16-v4,58246538-8068-45cc-80bd-3837e3558cbd,runtime,351,completed
,dd525da4-086c-43ff-8c5c-235e10eb89d3,1,genuine,1789444405,1789444084,ipnext/avocado-5.16-v4,f99a2d06-767f-4e10-b3ce-6fb72bbd92d0,runtime,352,completed
,26ceec29-b926-4bf1-b90b-b1ee5e66ed76,2,genuine,1789445511,1789444099,ipnext/avocado-5.16-v4,ae250498-3692-408a-9bcb-12f040e65f4b,runtime,353,completed
,582592fc-b2db-4d03-93db-31747e8a4726,2,genuine,1789447731,1789444099,ipnext/avocado-5.16-v4,ae250498-3692-408a-9bcb-12f040e65f4b,runtime,354,completed
,558b305f-3c33-45e6-8a7e-4759785cd9c4,2,genuine,1789444964,1789444099,ipnext/avocado-5.16-v4,ae250498-3692-408a-9bcb-12f040e65f4b,runtime,355,completed
,ac389712-05b2-4cbb-8c14-a6a945662ef1,1,genuine,1789444340,1789444183,ipnext/avocado-5.16-v4,f99a2d06-767f-4e10-b3ce-6fb72bbd92d0,runtime,356,completed
,8904aa56-7ba9-4902-b361-321ac9d67398,1,genuine,1789444549,1789444254,ipnext/avocado-5.16-v4,58246538-8068-45cc-80bd-3837e3558cbd,runtime,357,completed
,cff3aec2-3341-429d-bcd5-e11071aa3b1f,1,genuine,1789444828,1789444551,ipnext/avocado-5.16-v4,7240686c-d790-463d-bad2-c969fc65885e,runtime,358,completed
,d51e160a-751e-4784-bfae-49dcfb2dd159,1,genuine,1789445325,1789444572,ipnext/avocado-5.16-v4,f99a2d06-767f-4e10-b3ce-6fb72bbd92d0,runtime,359,completed
,6c2fa1f6-dd85-48e9-9538-33527d93fac5,1,genuine,1789445010,1789444624,ipnext/avocado-5.16-v4,f99a2d06-767f-4e10-b3ce-6fb72bbd92d0,runtime,360,completed
,b16897eb-55b3-463b-bd84-914ebd14a700,2,genuine,1789444763,1789444684,ipnext/avocado-5.16-v4,6c2fa1f6-dd85-48e9-9538-33527d93fac5,runtime,361,completed
,124a4f0a-952e-4eb3-8d6a-822983085987,1,genuine,1789445934,1789444716,ipnext/avocado-5.16-v4,7240686c-d790-463d-bad2-c969fc65885e,runtime,362,completed
,24bd3e68-d856-47b6-b7ec-7c9405aa0e88,1,genuine,1789447667,1789444938,ipnext/avocado-5.16-v4,58246538-8068-45cc-80bd-3837e3558cbd,runtime,363,completed
,d56b2705-05a8-4e1d-90cf-14c2c47e8e0c,1,genuine,1789445424,1789445223,ipnext/avocado-5.16-v4,58246538-8068-45cc-80bd-3837e3558cbd,runtime,364,completed
,95bbf777-8ca9-46c7-9de0-d66b73539cf1,1,refused_as_completed,1789445369,1789445368,ipnext/avocado-5.16-v4,f99a2d06-767f-4e10-b3ce-6fb72bbd92d0,runtime,365,completed
,f5161f92-c085-4066-9c6f-8ff25762f87d,1,genuine,1789445856,1789445483,ipnext/avocado-5.16-v4,58246538-8068-45cc-80bd-3837e3558cbd,runtime,366,completed
,be40cfae-f043-49bc-86d0-2fbe3a2b1df1,1,refused_as_completed,1789446008,1789446004,ipnext/avocado-5.16-v4,58246538-8068-45cc-80bd-3837e3558cbd,runtime,367,completed
,7da97b0c-16d3-41c2-a89d-40b421bc0c1d,1,refused_as_completed,1789446222,1789446219,ipnext/avocado-5.16-v4,7240686c-d790-463d-bad2-c969fc65885e,runtime,368,completed
,18be2a8a-082a-4fad-9453-9020b00743b4,1,refused_as_completed,1789446359,1789446356,ipnext/avocado-5.16-v4,f99a2d06-767f-4e10-b3ce-6fb72bbd92d0,runtime,369,completed
,aab09dab-d96e-4548-a317-602835779fc2,1,refused_as_completed,1789446359,1789446356,ipnext/avocado-5.16-v4,f99a2d06-767f-4e10-b3ce-6fb72bbd92d0,runtime,370,completed
,031a4769-b341-4c28-abb2-a07da3089b7e,1,refused_as_completed,1789452624,1789452623,ipnext/avocado-5.16-v4,58246538-8068-45cc-80bd-3837e3558cbd,runtime,371,completed
,4df5383d-6001-491f-938a-cd89457d1bab,1,refused_as_completed,1789452625,1789452623,ipnext/avocado-5.16-v4,58246538-8068-45cc-80bd-3837e3558cbd,runtime,372,completed
,9417f532-2fdd-4a53-b6f4-310baad3f883,1,refused_as_completed,1789452625,1789452623,ipnext/avocado-5.16-v4,58246538-8068-45cc-80bd-3837e3558cbd,runtime,373,completed
,4c7c30a7-5a97-464a-8f90-e2f8a71fd7a8,1,refused_as_completed,1789452669,1789452666,ipnext/avocado-5.16-v4,0783c1d6-9cdb-422f-9195-d9ff9d48cdf8,runtime,374,completed
,9cb481f4-e9f0-469e-9bbc-29df07733753,1,genuine,1789453470,1789452693,ipnext/avocado-5.16-v4,0783c1d6-9cdb-422f-9195-d9ff9d48cdf8,runtime,375,completed
,c984832c-1c98-4304-9ec5-46a71a920b17,1,genuine,1789453548,1789453484,ipnext/avocado-5.16-v4,0783c1d6-9cdb-422f-9195-d9ff9d48cdf8,runtime,376,completed
,343e214a-6faf-4d5e-88c5-99018fd51a28,1,refused_as_completed,1789454039,1789454037,ipnext/avocado-5.16-v4,7240686c-d790-463d-bad2-c969fc65885e,runtime,377,completed
,6578fd03-194d-4d8e-be58-f950bbde8a93,1,refused_as_completed,1789454038,1789454037,ipnext/avocado-5.16-v4,7240686c-d790-463d-bad2-c969fc65885e,runtime,378,completed
,1594594e-a025-421d-b8d1-4300b012ee59,1,refused_as_completed,1789454039,1789454037,ipnext/avocado-5.16-v4,7240686c-d790-463d-bad2-c969fc65885e,runtime,379,completed
,27cfad6b-3cd8-4a5f-b471-033f1e6c545b,1,refused_as_completed,1789454040,1789454037,ipnext/avocado-5.16-v4,7240686c-d790-463d-bad2-c969fc65885e,runtime,380,completed
,091777cb-49a0-419f-8572-0ba30e9685b5,1,refused_as_completed,1789454040,1789454037,ipnext/avocado-5.16-v4,7240686c-d790-463d-bad2-c969fc65885e,runtime,381,completed
,5e13416b-632d-4799-8d50-cafc8224d7a0,1,refused_as_completed,1789454040,1789454037,ipnext/avocado-5.16-v4,7240686c-d790-463d-bad2-c969fc65885e,runtime,382,completed
,7eb869b3-76f4-485f-8339-8c6316be8e00,1,refused_as_completed,1789454123,1789454122,ipnext/avocado-5.16-v4,7240686c-d790-463d-bad2-c969fc65885e,runtime,383,completed
,43c1adcf-c6c2-49f9-94bd-2b42e6d9449c,1,refused_as_completed,1789454266,1789454266,ipnext/avocado-5.16-v4,7240686c-d790-463d-bad2-c969fc65885e,runtime,384,completed
,885a4e26-fbff-415a-a3f0-e1d609496f46,1,refused_as_completed,1789454439,1789454438,ipnext/avocado-5.16-v4,7240686c-d790-463d-bad2-c969fc65885e,runtime,385,completed
,160a522b-e773-4212-a3fd-2509979b538a,1,refused_as_completed,1789455591,1789455590,ipnext/avocado-5.16-v4,7240686c-d790-463d-bad2-c969fc65885e,runtime,386,completed
,a6c1d38d-749d-4786-bb4d-0abbaababceb,1,refused_as_completed,1789455591,1789455590,ipnext/avocado-5.16-v4,7240686c-d790-463d-bad2-c969fc65885e,runtime,387,completed
,3a7e9d3b-fcbe-4935-86f1-f576e5c230ab,1,refused_as_completed,1789455592,1789455591,ipnext/avocado-5.16-v4,7240686c-d790-463d-bad2-c969fc65885e,runtime,388,completed
,0e48ff85-dea6-4240-86d4-763a02beb830,1,refused_as_completed,1789455620,1789455619,ipnext/avocado-5.16-v4,7240686c-d790-463d-bad2-c969fc65885e,runtime,389,completed
,236417b5-f2c9-4a5b-821e-e5da3c37cf0a,1,refused_as_completed,1789455621,1789455619,ipnext/avocado-5.16-v4,7240686c-d790-463d-bad2-c969fc65885e,runtime,390,completed
,38c80452-3014-4a63-9b01-4d67ac2f97cb,1,refused_as_completed,1789455691,1789455690,ipnext/avocado-5.16-v4,7240686c-d790-463d-bad2-c969fc65885e,runtime,391,completed
,17573268-66c8-4d9f-9c90-00ff1fab389b,1,refused_as_completed,1789527691,1789527691,ipnext/avocado-5.16-v4,ff521137-c3c1-4121-9f11-8bbc2420ff24,runtime,392,completed
,2dc44a61-e567-406c-a2a1-d4540dc52382,1,refused_as_completed,1789529839,1789529838,ipnext/avocado-5.16-v4,ff521137-c3c1-4121-9f11-8bbc2420ff24,runtime,393,completed
,cb9376f8-9a65-4149-bc34-0313b29e7457,1,refused_as_completed,1789529857,1789529856,ipnext/avocado-5.16-v4,ff521137-c3c1-4121-9f11-8bbc2420ff24,runtime,394,completed
,38d9ca49-9c7b-4af5-a078-70e4bcd74b78,1,refused_as_completed,1789530102,1789530101,ipnext/avocado-5.16-v4,ff521137-c3c1-4121-9f11-8bbc2420ff24,runtime,395,completed
,044144a4-da97-4dea-9681-ca0be4188e47,1,refused_as_completed,1789530269,1789530268,ipnext/avocado-5.16-v4,ff521137-c3c1-4121-9f11-8bbc2420ff24,runtime,396,completed
,7e2ecc29-3568-429d-b63b-9b8c9aef2431,1,refused_as_completed,1789531174,1789531173,ipnext/avocado-5.16-v4,ff521137-c3c1-4121-9f11-8bbc2420ff24,runtime,397,completed
,75ab4563-2c36-46e7-a4ce-24684db960ea,1,refused_as_completed,1789531379,1789531378,ipnext/avocado-5.16-v4,ff521137-c3c1-4121-9f11-8bbc2420ff24,runtime,398,completed
,b4ae8662-d8d8-4c13-a1c7-d46e06adee22,1,refused_as_completed,1789531379,1789531378,ipnext/avocado-5.16-v4,ff521137-c3c1-4121-9f11-8bbc2420ff24,runtime,399,completed
,9593157d-5d0a-48ff-b031-8b8a74109875,1,refused_as_completed,1789531480,1789531479,ipnext/avocado-5.16-v4,ff521137-c3c1-4121-9f11-8bbc2420ff24,runtime,400,completed
,16099b0f-8e54-4428-9b18-f96083f2d7a0,1,refused_as_completed,1789532044,1789532043,ipnext/avocado-5.16-v4,ff521137-c3c1-4121-9f11-8bbc2420ff24,runtime,401,completed
,f221fc55-ce79-4a83-ae29-b22cac4d3699,1,genuine,1789532982,1789532981,ipnext/avocado-5.16-v4,ff521137-c3c1-4121-9f11-8bbc2420ff24,runtime,402,completed
,478c53ca-bc8d-49fa-a1e5-3840fdcf66ae,1,genuine,1789532993,1789532991,ipnext/avocado-5.16-v4,ff521137-c3c1-4121-9f11-8bbc2420ff24,runtime,403,completed
,0d0463a4-027e-4b62-9765-82260d30f81c,1,genuine,1789532993,1789532991,ipnext/avocado-5.16-v4,ff521137-c3c1-4121-9f11-8bbc2420ff24,runtime,404,completed
,0e021052-d8ee-431a-b5d6-ca42a08af6f2,1,genuine,1789532993,1789532991,ipnext/avocado-5.16-v4,ff521137-c3c1-4121-9f11-8bbc2420ff24,runtime,405,completed
,76164446-e77a-446f-b259-8e7272d41791,1,genuine,1789533076,1789533074,ipnext/avocado-5.16-v4,7240686c-d790-463d-bad2-c969fc65885e,runtime,406,completed
,56991fe8-2ad3-413b-976e-566cf1bacdd8,1,genuine,1789533335,1789533332,ipnext/avocado-5.16-v4,ff521137-c3c1-4121-9f11-8bbc2420ff24,runtime,407,completed
,66dc732e-20b6-42c1-bbb0-8121123a05a2,1,refused_as_completed,1789533817,1789533815,ipnext/avocado-5.16-v4,ff521137-c3c1-4121-9f11-8bbc2420ff24,runtime,408,completed
,791397a1-7a2d-4d2f-b065-def6e4f44420,1,refused_as_completed,1789533816,1789533815,ipnext/avocado-5.16-v4,ff521137-c3c1-4121-9f11-8bbc2420ff24,runtime,409,completed
,f9dd8bf0-80f1-4646-bb84-26c33e043298,1,refused_as_completed,1789533817,1789533816,ipnext/avocado-5.16-v4,ff521137-c3c1-4121-9f11-8bbc2420ff24,runtime,410,completed
,5229aaa0-6452-4645-9057-899de56fddba,1,refused_as_completed,1789534528,1789534524,ipnext/avocado-5.16-v4,ff521137-c3c1-4121-9f11-8bbc2420ff24,runtime,411,completed
,590b1874-209b-4096-a747-ea3940de0dc0,1,refused_as_completed,1789535186,1789535184,ipnext/avocado-5.16-v4,ac045111-1a54-4758-932c-daefccee45e8,runtime,412,completed
,aa8d95da-55ca-4168-9bf0-31b4f85911ce,1,refused_as_completed,1789535268,1789535263,ipnext/avocado-5.16-v4,6f8a9be7-9996-4ff6-92cd-175549e22124,runtime,413,completed
,1ec3a4f2-b8c8-4399-aa8a-734e5dad351c,1,refused_as_completed,1789535268,1789535263,ipnext/avocado-5.16-v4,0783c1d6-9cdb-422f-9195-d9ff9d48cdf8,runtime,414,completed
,3df65f26-5a07-4938-ba2c-69a3c94d7d97,1,refused_as_completed,1789535267,1789535263,ipnext/avocado-5.16-v4,0783c1d6-9cdb-422f-9195-d9ff9d48cdf8,runtime,415,completed
,4354d6e0-0b48-4f14-a9d6-734aaeae6965,1,refused_as_completed,1789535268,1789535263,ipnext/avocado-5.16-v4,0783c1d6-9cdb-422f-9195-d9ff9d48cdf8,runtime,416,completed
,c953b3ca-3a00-46ff-94cd-ed51bc3f7986,1,refused_as_completed,1789535268,1789535263,ipnext/avocado-5.16-v4,0783c1d6-9cdb-422f-9195-d9ff9d48cdf8,runtime,417,completed
,3ca05aa7-ef85-4899-a2d1-177b20877dc1,1,refused_as_completed,1789535268,1789535263,ipnext/avocado-5.16-v4,0783c1d6-9cdb-422f-9195-d9ff9d48cdf8,runtime,418,completed
,d201385e-d0e6-4b99-b4e5-8a68fed12430,1,refused_as_completed,1789535268,1789535263,ipnext/avocado-5.16-v4,0783c1d6-9cdb-422f-9195-d9ff9d48cdf8,runtime,419,completed
,c5efb4a2-82be-4e98-b8c7-d9f9ae41df9c,1,refused_as_completed,1789535269,1789535263,ipnext/avocado-5.16-v4,0783c1d6-9cdb-422f-9195-d9ff9d48cdf8,runtime,420,completed
,ab76e0d4-0d2d-4abd-be66-f1c381fa5753,1,refused_as_completed,1789535269,1789535263,ipnext/avocado-5.16-v4,0783c1d6-9cdb-422f-9195-d9ff9d48cdf8,runtime,421,completed
,4b20a913-fa6a-45bf-8f1d-d0bd9aea49ae,1,refused_as_completed,1789535374,1789535372,ipnext/avocado-5.16-v4,ff521137-c3c1-4121-9f11-8bbc2420ff24,runtime,422,completed
,ff3f91c5-21c1-4be1-a1fc-60eba19ba7e4,1,refused_as_completed,1789535399,1789535397,ipnext/avocado-5.16-v4,0693e1c3-6054-49ab-a712-95a94748017e,runtime,423,completed
,c65fc1a1-0cc2-4c4a-a223-2d0e4b596465,1,refused_as_completed,1789535476,1789535474,ipnext/avocado-5.16-v4,67fcb771-d89b-4874-927a-413a429590af,runtime,424,completed
,4a680224-89c3-4abb-8dfb-85bfa438d199,1,refused_as_completed,1789536835,1789536834,ipnext/avocado-5.16-v4,7240686c-d790-463d-bad2-c969fc65885e,runtime,425,completed
,b8977697-4934-4ad0-abc9-9351dbdedcbc,1,refused_as_completed,1789536900,1789536898,ipnext/avocado-5.16-v4,ff521137-c3c1-4121-9f11-8bbc2420ff24,runtime,426,completed
,7010dd79-2669-4efe-abf7-037c2e5c46d8,1,refused_as_completed,1789536900,1789536898,ipnext/avocado-5.16-v4,ff521137-c3c1-4121-9f11-8bbc2420ff24,runtime,427,completed
,ae1f7bec-642f-4821-8378-01066dae28fb,1,refused_as_completed,1789536900,1789536898,ipnext/avocado-5.16-v4,ff521137-c3c1-4121-9f11-8bbc2420ff24,runtime,428,completed
,dc642021-2bb2-47a5-8394-e98d35e5ea38,1,refused_as_completed,1789536900,1789536898,ipnext/avocado-5.16-v4,ff521137-c3c1-4121-9f11-8bbc2420ff24,runtime,429,completed
,cee558b1-9455-4240-abfd-7beb75c16209,1,pending,,1789536898,ipnext/avocado-5.16-v4,ff521137-c3c1-4121-9f11-8bbc2420ff24,runtime,430,pending_init
,fb59550f-102f-43f8-adb8-3c68733bfd62,1,refused_as_completed,1789538023,1789538022,ipnext/avocado-5.16-v4,7240686c-d790-463d-bad2-c969fc65885e,runtime,431,completed
,bd87f04d-2b06-4f33-b510-57a77cc6198d,1,refused_as_completed,1789538040,1789538040,ipnext/avocado-5.16-v4,7240686c-d790-463d-bad2-c969fc65885e,runtime,432,completed
,0be7df70-e992-403a-b52b-d9ebc2224c75,1,genuine,1789538270,1789538269,ipnext/avocado-5.16-v4,6f8a9be7-9996-4ff6-92cd-175549e22124,runtime.workflow,433,completed
,49bb120b-164e-4e70-9da4-829f4bb55358,1,genuine,1789538271,1789538269,ipnext/avocado-5.16-v4,6f8a9be7-9996-4ff6-92cd-175549e22124,runtime.workflow,434,completed
,5b3b20d9-c0f0-48a4-85c6-a0a5d2e9ef5d,1,genuine,1789538271,1789538269,ipnext/avocado-5.16-v4,6f8a9be7-9996-4ff6-92cd-175549e22124,runtime.workflow,435,completed
,532e2800-713f-42c7-8512-3a46e052a28c,1,genuine,1789538310,1789538309,ipnext/avocado-5.16-v4,6f8a9be7-9996-4ff6-92cd-175549e22124,runtime.workflow,436,completed
,fe5865ae-a802-4e50-800b-a4e43df46d2a,1,genuine,1789538312,1789538309,ipnext/avocado-5.16-v4,6f8a9be7-9996-4ff6-92cd-175549e22124,runtime.workflow,437,completed
,57ee1f4f-2e1b-4ce4-88b7-94816b735941,1,genuine,1789538325,1789538324,ipnext/avocado-5.16-v4,6f8a9be7-9996-4ff6-92cd-175549e22124,runtime.workflow,438,completed
,236a349f-66a2-4397-9dd3-dc0852d577ba,1,genuine,1789538326,1789538324,ipnext/avocado-5.16-v4,6f8a9be7-9996-4ff6-92cd-175549e22124,runtime.workflow,439,completed
,e28cc675-9d1f-46b7-b99d-85d8da62a787,1,genuine,1789538379,1789538377,ipnext/avocado-5.16-v4,6f8a9be7-9996-4ff6-92cd-175549e22124,runtime.workflow,440,completed
,202ff014-06fa-4a10-b9c9-f3f7685c9437,1,genuine,1789538378,1789538377,ipnext/avocado-5.16-v4,6f8a9be7-9996-4ff6-92cd-175549e22124,runtime.workflow,441,completed
,e62c2243-686f-439b-abf3-a3a1f252c9fb,1,genuine,1789538398,1789538397,ipnext/avocado-5.16-v4,6f8a9be7-9996-4ff6-92cd-175549e22124,runtime.workflow,442,completed
,f344e8b6-5be0-46fe-82c7-3897677b3ba1,1,genuine,1789538398,1789538397,ipnext/avocado-5.16-v4,6f8a9be7-9996-4ff6-92cd-175549e22124,runtime.workflow,443,completed
,8ce1c42a-d402-4653-96bc-2e1de433830a,1,genuine,1789538398,1789538397,ipnext/avocado-5.16-v4,6f8a9be7-9996-4ff6-92cd-175549e22124,runtime.workflow,444,completed
,e4252a10-0050-4c09-9879-6cd81b65eab1,1,genuine,1789538483,1789538479,ipnext/avocado-5.16-v4,6f8a9be7-9996-4ff6-92cd-175549e22124,runtime.workflow,445,completed
,f24a58e5-9fc6-4df3-b832-174d2f9509a7,1,other:running,,1789538479,ipnext/avocado-5.16-v4,6f8a9be7-9996-4ff6-92cd-175549e22124,runtime.workflow,446,running
,1786ea2e-66fa-47b8-ba34-4a96aefea401,1,genuine,1789538484,1789538479,ipnext/avocado-5.16-v4,6f8a9be7-9996-4ff6-92cd-175549e22124,runtime.workflow,447,completed
,56eb4c6c-41ce-42d4-957b-93c8850b6c7a,1,genuine,1789538502,1789538497,ipnext/avocado-5.16-v4,be788323-9ee5-4a61-aedb-a46859c74c20,runtime,448,completed
,ae50051c-dd32-4f1f-926c-2d4cdc030e44,1,genuine,1789538505,1789538503,ipnext/avocado-5.16-v4,6f8a9be7-9996-4ff6-92cd-175549e22124,runtime.workflow,449,completed
,3cb565ef-2070-483d-b983-285e9d296acf,1,genuine,1789538503,,ipnext/avocado-5.16-v4,6f8a9be7-9996-4ff6-92cd-175549e22124,runtime.workflow,450,completed
,a463e1e8-333c-4879-9e50-d4451ee25392,1,genuine,1789538514,1789538503,ipnext/avocado-5.16-v4,6f8a9be7-9996-4ff6-92cd-175549e22124,runtime.workflow,451,completed
