agent_agent_type,agent_status,child_agent_id,child_created_epoch,child_depth,depth,kind,model,parent_agent_id,request_origin,requester_source,root_work_class,spawn_agent_type,spawn_completed_epoch,spawn_created_epoch,spawn_id,spawn_status,transcript_surface
,completed,031a4769-b341-4c28-abb2-a07da3089b7e,1789452623,1,1,subagent,ipnext/avocado-5.16-v4,58246538-8068-45cc-80bd-3837e3558cbd,,runtime,,,1789452624,1789452623,371,completed,
,completed,4df5383d-6001-491f-938a-cd89457d1bab,1789452623,1,1,subagent,ipnext/avocado-5.16-v4,58246538-8068-45cc-80bd-3837e3558cbd,,runtime,,,1789452625,1789452623,372,completed,
,completed,9417f532-2fdd-4a53-b6f4-310baad3f883,1789452623,1,1,subagent,ipnext/avocado-5.16-v4,58246538-8068-45cc-80bd-3837e3558cbd,,runtime,,,1789452625,1789452623,373,completed,
,completed,4c7c30a7-5a97-464a-8f90-e2f8a71fd7a8,1789452666,1,1,subagent,ipnext/avocado-5.16-v4,0783c1d6-9cdb-422f-9195-d9ff9d48cdf8,,runtime,,,1789452669,1789452666,374,completed,
,completed,9cb481f4-e9f0-469e-9bbc-29df07733753,1789452693,1,1,subagent,ipnext/avocado-5.16-v4,0783c1d6-9cdb-422f-9195-d9ff9d48cdf8,,runtime,,,1789453470,1789452693,375,completed,
,completed,c984832c-1c98-4304-9ec5-46a71a920b17,1789453484,1,1,subagent,ipnext/avocado-5.16-v4,0783c1d6-9cdb-422f-9195-d9ff9d48cdf8,,runtime,,,1789453548,1789453484,376,completed,
,completed,343e214a-6faf-4d5e-88c5-99018fd51a28,1789454037,1,1,subagent,ipnext/avocado-5.16-v4,7240686c-d790-463d-bad2-c969fc65885e,,runtime,,,1789454039,1789454037,377,completed,
,completed,6578fd03-194d-4d8e-be58-f950bbde8a93,1789454037,1,1,subagent,ipnext/avocado-5.16-v4,7240686c-d790-463d-bad2-c969fc65885e,,runtime,,,1789454038,1789454037,378,completed,
,completed,1594594e-a025-421d-b8d1-4300b012ee59,1789454037,1,1,subagent,ipnext/avocado-5.16-v4,7240686c-d790-463d-bad2-c969fc65885e,,runtime,,,1789454039,1789454037,379,completed,
,completed,27cfad6b-3cd8-4a5f-b471-033f1e6c545b,1789454037,1,1,subagent,ipnext/avocado-5.16-v4,7240686c-d790-463d-bad2-c969fc65885e,,runtime,,,1789454040,1789454037,380,completed,
,completed,091777cb-49a0-419f-8572-0ba30e9685b5,1789454037,1,1,subagent,ipnext/avocado-5.16-v4,7240686c-d790-463d-bad2-c969fc65885e,,runtime,,,1789454040,1789454037,381,completed,
,completed,5e13416b-632d-4799-8d50-cafc8224d7a0,1789454037,1,1,subagent,ipnext/avocado-5.16-v4,7240686c-d790-463d-bad2-c969fc65885e,,runtime,,,1789454040,1789454037,382,completed,
,completed,7eb869b3-76f4-485f-8339-8c6316be8e00,1789454122,1,1,subagent,ipnext/avocado-5.16-v4,7240686c-d790-463d-bad2-c969fc65885e,,runtime,,,1789454123,1789454122,383,completed,
,completed,43c1adcf-c6c2-49f9-94bd-2b42e6d9449c,1789454265,1,1,subagent,ipnext/avocado-5.16-v4,7240686c-d790-463d-bad2-c969fc65885e,,runtime,,,1789454266,1789454266,384,completed,
,completed,885a4e26-fbff-415a-a3f0-e1d609496f46,1789454438,1,1,subagent,ipnext/avocado-5.16-v4,7240686c-d790-463d-bad2-c969fc65885e,,runtime,,,1789454439,1789454438,385,completed,
,completed,160a522b-e773-4212-a3fd-2509979b538a,1789455590,1,1,subagent,ipnext/avocado-5.16-v4,7240686c-d790-463d-bad2-c969fc65885e,,runtime,,,1789455591,1789455590,386,completed,
,completed,a6c1d38d-749d-4786-bb4d-0abbaababceb,1789455590,1,1,subagent,ipnext/avocado-5.16-v4,7240686c-d790-463d-bad2-c969fc65885e,,runtime,,,1789455591,1789455590,387,completed,
,completed,3a7e9d3b-fcbe-4935-86f1-f576e5c230ab,1789455590,1,1,subagent,ipnext/avocado-5.16-v4,7240686c-d790-463d-bad2-c969fc65885e,,runtime,,,1789455592,1789455591,388,completed,
,completed,0e48ff85-dea6-4240-86d4-763a02beb830,1789455619,1,1,subagent,ipnext/avocado-5.16-v4,7240686c-d790-463d-bad2-c969fc65885e,,runtime,,,1789455620,1789455619,389,completed,
,completed,236417b5-f2c9-4a5b-821e-e5da3c37cf0a,1789455619,1,1,subagent,ipnext/avocado-5.16-v4,7240686c-d790-463d-bad2-c969fc65885e,,runtime,,,1789455621,1789455619,390,completed,
,completed,38c80452-3014-4a63-9b01-4d67ac2f97cb,1789455690,1,1,subagent,ipnext/avocado-5.16-v4,7240686c-d790-463d-bad2-c969fc65885e,,runtime,,,1789455691,1789455690,391,completed,
,completed,17573268-66c8-4d9f-9c90-00ff1fab389b,1789527691,1,1,subagent,ipnext/avocado-5.16-v4,ff521137-c3c1-4121-9f11-8bbc2420ff24,,runtime,,,1789527691,1789527691,392,completed,
,completed,2dc44a61-e567-406c-a2a1-d4540dc52382,1789529838,1,1,subagent,ipnext/avocado-5.16-v4,ff521137-c3c1-4121-9f11-8bbc2420ff24,,runtime,,,1789529839,1789529838,393,completed,
,completed,cb9376f8-9a65-4149-bc34-0313b29e7457,1789529856,1,1,subagent,ipnext/avocado-5.16-v4,ff521137-c3c1-4121-9f11-8bbc2420ff24,,runtime,,,1789529857,1789529856,394,completed,
,completed,38d9ca49-9c7b-4af5-a078-70e4bcd74b78,1789530101,1,1,subagent,ipnext/avocado-5.16-v4,ff521137-c3c1-4121-9f11-8bbc2420ff24,,runtime,,,1789530102,1789530101,395,completed,
,completed,044144a4-da97-4dea-9681-ca0be4188e47,1789530268,1,1,subagent,ipnext/avocado-5.16-v4,ff521137-c3c1-4121-9f11-8bbc2420ff24,,runtime,,,1789530269,1789530268,396,completed,
,completed,7e2ecc29-3568-429d-b63b-9b8c9aef2431,1789531173,1,1,subagent,ipnext/avocado-5.16-v4,ff521137-c3c1-4121-9f11-8bbc2420ff24,,runtime,,,1789531174,1789531173,397,completed,
,completed,75ab4563-2c36-46e7-a4ce-24684db960ea,1789531378,1,1,subagent,ipnext/avocado-5.16-v4,ff521137-c3c1-4121-9f11-8bbc2420ff24,,runtime,,,1789531379,1789531378,398,completed,
,completed,b4ae8662-d8d8-4c13-a1c7-d46e06adee22,1789531378,1,1,subagent,ipnext/avocado-5.16-v4,ff521137-c3c1-4121-9f11-8bbc2420ff24,,runtime,,,1789531379,1789531378,399,completed,
,completed,9593157d-5d0a-48ff-b031-8b8a74109875,1789531479,1,1,subagent,ipnext/avocado-5.16-v4,ff521137-c3c1-4121-9f11-8bbc2420ff24,,runtime,,,1789531480,1789531479,400,completed,
,completed,16099b0f-8e54-4428-9b18-f96083f2d7a0,1789532043,1,1,subagent,ipnext/avocado-5.16-v4,ff521137-c3c1-4121-9f11-8bbc2420ff24,,runtime,,,1789532044,1789532043,401,completed,
,completed,f221fc55-ce79-4a83-ae29-b22cac4d3699,1789532981,1,1,subagent,ipnext/avocado-5.16-v4,ff521137-c3c1-4121-9f11-8bbc2420ff24,,runtime,,,1789532982,1789532981,402,completed,
,completed,478c53ca-bc8d-49fa-a1e5-3840fdcf66ae,1789532991,1,1,subagent,ipnext/avocado-5.16-v4,ff521137-c3c1-4121-9f11-8bbc2420ff24,,runtime,,,1789532993,1789532991,403,completed,
,completed,0d0463a4-027e-4b62-9765-82260d30f81c,1789532991,1,1,subagent,ipnext/avocado-5.16-v4,ff521137-c3c1-4121-9f11-8bbc2420ff24,,runtime,,,1789532993,1789532991,404,completed,
,completed,0e021052-d8ee-431a-b5d6-ca42a08af6f2,1789532991,1,1,subagent,ipnext/avocado-5.16-v4,ff521137-c3c1-4121-9f11-8bbc2420ff24,,runtime,,,1789532993,1789532991,405,completed,
,completed,76164446-e77a-446f-b259-8e7272d41791,1789533074,1,1,subagent,ipnext/avocado-5.16-v4,7240686c-d790-463d-bad2-c969fc65885e,,runtime,,,1789533076,1789533074,406,completed,
,completed,56991fe8-2ad3-413b-976e-566cf1bacdd8,1789533332,1,1,subagent,ipnext/avocado-5.16-v4,ff521137-c3c1-4121-9f11-8bbc2420ff24,,runtime,,,1789533335,1789533332,407,completed,
,completed,66dc732e-20b6-42c1-bbb0-8121123a05a2,1789533815,1,1,subagent,ipnext/avocado-5.16-v4,ff521137-c3c1-4121-9f11-8bbc2420ff24,,runtime,,,1789533817,1789533815,408,completed,
,completed,791397a1-7a2d-4d2f-b065-def6e4f44420,1789533815,1,1,subagent,ipnext/avocado-5.16-v4,ff521137-c3c1-4121-9f11-8bbc2420ff24,,runtime,,,1789533816,1789533815,409,completed,
,completed,f9dd8bf0-80f1-4646-bb84-26c33e043298,1789533815,1,1,subagent,ipnext/avocado-5.16-v4,ff521137-c3c1-4121-9f11-8bbc2420ff24,,runtime,,,1789533817,1789533816,410,completed,
,completed,5229aaa0-6452-4645-9057-899de56fddba,1789534524,1,1,subagent,ipnext/avocado-5.16-v4,ff521137-c3c1-4121-9f11-8bbc2420ff24,,runtime,,,1789534528,1789534524,411,completed,
,completed,590b1874-209b-4096-a747-ea3940de0dc0,1789535184,1,1,subagent,ipnext/avocado-5.16-v4,ac045111-1a54-4758-932c-daefccee45e8,,runtime,,,1789535186,1789535184,412,completed,
,completed,aa8d95da-55ca-4168-9bf0-31b4f85911ce,1789535236,1,1,subagent,ipnext/avocado-5.16-v4,6f8a9be7-9996-4ff6-92cd-175549e22124,,runtime,,,1789535237,1789535236,413,completed,
,completed,1ec3a4f2-b8c8-4399-aa8a-734e5dad351c,1789535263,1,1,subagent,ipnext/avocado-5.16-v4,0783c1d6-9cdb-422f-9195-d9ff9d48cdf8,,runtime,,,1789535268,1789535263,414,completed,
,completed,3df65f26-5a07-4938-ba2c-69a3c94d7d97,1789535263,1,1,subagent,ipnext/avocado-5.16-v4,0783c1d6-9cdb-422f-9195-d9ff9d48cdf8,,runtime,,,1789535267,1789535263,415,completed,
,completed,4354d6e0-0b48-4f14-a9d6-734aaeae6965,1789535263,1,1,subagent,ipnext/avocado-5.16-v4,0783c1d6-9cdb-422f-9195-d9ff9d48cdf8,,runtime,,,1789535268,1789535263,416,completed,
,completed,c953b3ca-3a00-46ff-94cd-ed51bc3f7986,1789535263,1,1,subagent,ipnext/avocado-5.16-v4,0783c1d6-9cdb-422f-9195-d9ff9d48cdf8,,runtime,,,1789535268,1789535263,417,completed,
,completed,3ca05aa7-ef85-4899-a2d1-177b20877dc1,1789535263,1,1,subagent,ipnext/avocado-5.16-v4,0783c1d6-9cdb-422f-9195-d9ff9d48cdf8,,runtime,,,1789535268,1789535263,418,completed,
,completed,d201385e-d0e6-4b99-b4e5-8a68fed12430,1789535263,1,1,subagent,ipnext/avocado-5.16-v4,0783c1d6-9cdb-422f-9195-d9ff9d48cdf8,,runtime,,,1789535268,1789535263,419,completed,
,completed,c5efb4a2-82be-4e98-b8c7-d9f9ae41df9c,1789535263,1,1,subagent,ipnext/avocado-5.16-v4,0783c1d6-9cdb-422f-9195-d9ff9d48cdf8,,runtime,,,1789535269,1789535263,420,completed,
,completed,ab76e0d4-0d2d-4abd-be66-f1c381fa5753,1789535263,1,1,subagent,ipnext/avocado-5.16-v4,0783c1d6-9cdb-422f-9195-d9ff9d48cdf8,,runtime,,,1789535269,1789535263,421,completed,
,completed,4b20a913-fa6a-45bf-8f1d-d0bd9aea49ae,1789535372,1,1,subagent,ipnext/avocado-5.16-v4,ff521137-c3c1-4121-9f11-8bbc2420ff24,,runtime,,,1789535374,1789535372,422,completed,
,completed,ff3f91c5-21c1-4be1-a1fc-60eba19ba7e4,1789535397,1,1,subagent,ipnext/avocado-5.16-v4,0693e1c3-6054-49ab-a712-95a94748017e,,runtime,,,1789535399,1789535397,423,completed,
,completed,c65fc1a1-0cc2-4c4a-a223-2d0e4b596465,1789535474,1,1,subagent,ipnext/avocado-5.16-v4,67fcb771-d89b-4874-927a-413a429590af,,runtime,,,1789535476,1789535474,424,completed,
,completed,4a680224-89c3-4abb-8dfb-85bfa438d199,1789536834,1,1,subagent,ipnext/avocado-5.16-v4,7240686c-d790-463d-bad2-c969fc65885e,,runtime,,,1789536835,1789536834,425,completed,
,completed,b8977697-4934-4ad0-abc9-9351dbdedcbc,1789536898,1,1,subagent,ipnext/avocado-5.16-v4,ff521137-c3c1-4121-9f11-8bbc2420ff24,,runtime,,,1789536900,1789536898,426,completed,
,completed,7010dd79-2669-4efe-abf7-037c2e5c46d8,1789536898,1,1,subagent,ipnext/avocado-5.16-v4,ff521137-c3c1-4121-9f11-8bbc2420ff24,,runtime,,,1789536900,1789536898,427,completed,
,completed,ae1f7bec-642f-4821-8378-01066dae28fb,1789536898,1,1,subagent,ipnext/avocado-5.16-v4,ff521137-c3c1-4121-9f11-8bbc2420ff24,,runtime,,,1789536900,1789536898,428,completed,
,completed,dc642021-2bb2-47a5-8394-e98d35e5ea38,1789536898,1,1,subagent,ipnext/avocado-5.16-v4,ff521137-c3c1-4121-9f11-8bbc2420ff24,,runtime,,,1789536900,1789536898,429,completed,
,pending_init,cee558b1-9455-4240-abfd-7beb75c16209,1789536898,1,1,subagent,ipnext/avocado-5.16-v4,ff521137-c3c1-4121-9f11-8bbc2420ff24,,runtime,,,,1789536898,430,pending_init,
,completed,fb59550f-102f-43f8-adb8-3c68733bfd62,1789538021,1,1,subagent,ipnext/avocado-5.16-v4,7240686c-d790-463d-bad2-c969fc65885e,,runtime,,,1789538023,1789538022,431,completed,
,completed,bd87f04d-2b06-4f33-b510-57a77cc6198d,1789538040,1,1,subagent,ipnext/avocado-5.16-v4,7240686c-d790-463d-bad2-c969fc65885e,,runtime,,,1789538041,1789538040,432,completed,
,completed,0be7df70-e992-403a-b52b-d9ebc2224c75,1789538269,1,1,subagent,ipnext/avocado-5.16-v4,6f8a9be7-9996-4ff6-92cd-175549e22124,,runtime.workflow,,,1789538270,1789538269,433,completed,
,completed,49bb120b-164e-4e70-9da4-829f4bb55358,1789538269,1,1,subagent,ipnext/avocado-5.16-v4,6f8a9be7-9996-4ff6-92cd-175549e22124,,runtime.workflow,,,1789538271,1789538269,434,completed,
,completed,5b3b20d9-c0f0-48a4-85c6-a0a5d2e9ef5d,1789538269,1,1,subagent,ipnext/avocado-5.16-v4,6f8a9be7-9996-4ff6-92cd-175549e22124,,runtime.workflow,,,1789538271,1789538269,435,completed,
,completed,532e2800-713f-42c7-8512-3a46e052a28c,1789538309,1,1,subagent,ipnext/avocado-5.16-v4,6f8a9be7-9996-4ff6-92cd-175549e22124,,runtime.workflow,,,1789538310,1789538309,436,completed,
,completed,fe5865ae-a802-4e50-800b-a4e43df46d2a,1789538309,1,1,subagent,ipnext/avocado-5.16-v4,6f8a9be7-9996-4ff6-92cd-175549e22124,,runtime.workflow,,,1789538312,1789538309,437,completed,
,completed,57ee1f4f-2e1b-4ce4-88b7-94816b735941,1789538324,1,1,subagent,ipnext/avocado-5.16-v4,6f8a9be7-9996-4ff6-92cd-175549e22124,,runtime.workflow,,,1789538325,1789538324,438,completed,
,completed,236a349f-66a2-4397-9dd3-dc0852d577ba,1789538324,1,1,subagent,ipnext/avocado-5.16-v4,6f8a9be7-9996-4ff6-92cd-175549e22124,,runtime.workflow,,,1789538326,1789538324,439,completed,
,completed,e28cc675-9d1f-46b7-b99d-85d8da62a787,1789538377,1,1,subagent,ipnext/avocado-5.16-v4,6f8a9be7-9996-4ff6-92cd-175549e22124,,runtime.workflow,,,1789538379,1789538377,440,completed,
,completed,202ff014-06fa-4a10-b9c9-f3f7685c9437,1789538377,1,1,subagent,ipnext/avocado-5.16-v4,6f8a9be7-9996-4ff6-92cd-175549e22124,,runtime.workflow,,,1789538378,1789538377,441,completed,
,completed,e62c2243-686f-439b-abf3-a3a1f252c9fb,1789538397,1,1,subagent,ipnext/avocado-5.16-v4,6f8a9be7-9996-4ff6-92cd-175549e22124,,runtime.workflow,,,1789538398,1789538397,442,completed,
,completed,f344e8b6-5be0-46fe-82c7-3897677b3ba1,1789538397,1,1,subagent,ipnext/avocado-5.16-v4,6f8a9be7-9996-4ff6-92cd-175549e22124,,runtime.workflow,,,1789538398,1789538397,443,completed,
,completed,8ce1c42a-d402-4653-96bc-2e1de433830a,1789538397,1,1,subagent,ipnext/avocado-5.16-v4,6f8a9be7-9996-4ff6-92cd-175549e22124,,runtime.workflow,,,1789538398,1789538397,444,completed,
,completed,e4252a10-0050-4c09-9879-6cd81b65eab1,1789538479,1,1,subagent,ipnext/avocado-5.16-v4,6f8a9be7-9996-4ff6-92cd-175549e22124,,runtime.workflow,,,1789538483,1789538479,445,completed,
,running,f24a58e5-9fc6-4df3-b832-174d2f9509a7,1789538479,1,1,subagent,ipnext/avocado-5.16-v4,6f8a9be7-9996-4ff6-92cd-175549e22124,,runtime.workflow,,,,1789538479,446,running,
,completed,1786ea2e-66fa-47b8-ba34-4a96aefea401,1789538479,1,1,subagent,ipnext/avocado-5.16-v4,6f8a9be7-9996-4ff6-92cd-175549e22124,,runtime.workflow,,,1789538484,1789538479,447,completed,
,completed,56eb4c6c-41ce-42d4-957b-93c8850b6c7a,1789538497,1,1,subagent,ipnext/avocado-5.16-v4,be788323-9ee5-4a61-aedb-a46859c74c20,,runtime,,,1789538502,1789538497,448,completed,
,completed,ae50051c-dd32-4f1f-926c-2d4cdc030e44,1789538503,1,1,subagent,ipnext/avocado-5.16-v4,6f8a9be7-9996-4ff6-92cd-175549e22124,,runtime.workflow,,,1789538505,1789538503,449,completed,
,completed,3cb565ef-2070-483d-b983-285e9d296acf,1789538503,1,1,subagent,ipnext/avocado-5.16-v4,6f8a9be7-9996-4ff6-92cd-175549e22124,,runtime.workflow,,,1789538509,1789538503,450,completed,
,completed,a463e1e8-333c-4879-9e50-d4451ee25392,1789538503,1,1,subagent,ipnext/avocado-5.16-v4,6f8a9be7-9996-4ff6-92cd-175549e22124,,runtime.workflow,,,1789538514,1789538503,451,completed,
